"object id","Sprite_Listing3 target","Sprite_ListingK target","current skdisasm label/comment","proposed comment/name","primary evidence","OpenGGF corroboration","confidence","upstream patch decision"
"$00","Obj_Ring","Obj_Ring","Set1: Obj_Ring; Set2: Obj_Ring","Keep target label; rely on table-level header/hex-ID guidance in pilot patch","Pointer table entry in SK Set file(s); table selection code at sonic3k.asm loc_1B6A8 chooses Sprite_Listing3 or Sprite_ListingK by Current_zone; includes at sonic3k.asm Sprite_Listing3/Sprite_ListingK","Set 1 OpenGGF primary name Ring; Set 2 OpenGGF primary name Ring","High for pointer target and table-selection annotation; no behavior claim","Keep target label; rely on table-level header/hex-ID guidance in pilot patch"
"$01","Obj_Monitor","Obj_Monitor","Set1: Obj_Monitor; Set2: Obj_Monitor","Keep target label; rely on table-level header/hex-ID guidance in pilot patch","Pointer table entry in SK Set file(s); table selection code at sonic3k.asm loc_1B6A8 chooses Sprite_Listing3 or Sprite_ListingK by Current_zone; includes at sonic3k.asm Sprite_Listing3/Sprite_ListingK","Set 1 OpenGGF primary name Monitor; Set 2 OpenGGF primary name Monitor","High for pointer target and table-selection annotation; no behavior claim","Keep target label; rely on table-level header/hex-ID guidance in pilot patch"
"$02","Obj_PathSwap","Obj_PathSwap","Set1: Obj_PathSwap; Set2: Obj_PathSwap","Keep target label; rely on table-level header/hex-ID guidance in pilot patch","Pointer table entry in SK Set file(s); table selection code at sonic3k.asm loc_1B6A8 chooses Sprite_Listing3 or Sprite_ListingK by Current_zone; includes at sonic3k.asm Sprite_Listing3/Sprite_ListingK","Set 1 OpenGGF primary name PathSwap; Set 2 OpenGGF primary name PathSwap","High for pointer target and table-selection annotation; no behavior claim","Keep target label; rely on table-level header/hex-ID guidance in pilot patch"
"$03","Obj_AIZHollowTree","Obj_MHZTwistedVine","Set1: Obj_AIZHollowTree; Set2: Obj_MHZTwistedVine","Differing table targets; document in audit, no label rename in pilot patch","Pointer table entry in SK Set file(s); table selection code at sonic3k.asm loc_1B6A8 chooses Sprite_Listing3 or Sprite_ListingK by Current_zone; includes at sonic3k.asm Sprite_Listing3/Sprite_ListingK","Set 1 OpenGGF primary name AIZHollowTree; Set 2 OpenGGF primary name MHZTwistedVine","High for pointer target and table-selection annotation; no behavior claim","Differing table targets; document in audit, no label rename in pilot patch"
"$04","Obj_CollapsingPlatform","Obj_CollapsingPlatform","Set1: Obj_CollapsingPlatform; Set2: Obj_CollapsingPlatform","Keep target label; rely on table-level header/hex-ID guidance in pilot patch","Pointer table entry in SK Set file(s); table selection code at sonic3k.asm loc_1B6A8 chooses Sprite_Listing3 or Sprite_ListingK by Current_zone; includes at sonic3k.asm Sprite_Listing3/Sprite_ListingK","Set 1 OpenGGF primary name CollapsingPlatform; Set 2 OpenGGF primary name CollapsingPlatform","High for pointer target and table-selection annotation; no behavior claim","Keep target label; rely on table-level header/hex-ID guidance in pilot patch"
"$05","Obj_AIZLRZEMZRock","Obj_AIZLRZEMZRock","Set1: Obj_AIZLRZEMZRock; Set2: Obj_AIZLRZEMZRock","Keep target label; rely on table-level header/hex-ID guidance in pilot patch","Pointer table entry in SK Set file(s); table selection code at sonic3k.asm loc_1B6A8 chooses Sprite_Listing3 or Sprite_ListingK by Current_zone; includes at sonic3k.asm Sprite_Listing3/Sprite_ListingK","Set 1 OpenGGF primary name AIZLRZEMZRock; Set 2 OpenGGF primary name AIZLRZEMZRock","High for pointer target and table-selection annotation; no behavior claim","Keep target label; rely on table-level header/hex-ID guidance in pilot patch"
"$06","Obj_AIZRideVine","Obj_MHZPulleyLift","Set1: Obj_AIZRideVine; Set2: Obj_MHZPulleyLift","Differing table targets; document in audit, no label rename in pilot patch","Pointer table entry in SK Set file(s); table selection code at sonic3k.asm loc_1B6A8 chooses Sprite_Listing3 or Sprite_ListingK by Current_zone; includes at sonic3k.asm Sprite_Listing3/Sprite_ListingK","Set 1 OpenGGF primary name AIZRideVine; Set 2 OpenGGF primary name MHZPulleyLift","High for pointer target and table-selection annotation; no behavior claim","Differing table targets; document in audit, no label rename in pilot patch"
"$07","Obj_Spring","Obj_Spring","Set1: Obj_Spring; Set2: Obj_Spring","Keep target label; rely on table-level header/hex-ID guidance in pilot patch","Pointer table entry in SK Set file(s); table selection code at sonic3k.asm loc_1B6A8 chooses Sprite_Listing3 or Sprite_ListingK by Current_zone; includes at sonic3k.asm Sprite_Listing3/Sprite_ListingK","Set 1 OpenGGF primary name Spring; Set 2 OpenGGF primary name Spring","High for pointer target and table-selection annotation; no behavior claim","Keep target label; rely on table-level header/hex-ID guidance in pilot patch"
"$08","Obj_Spikes","Obj_Spikes","Set1: Obj_Spikes; Set2: Obj_Spikes","Keep target label; rely on table-level header/hex-ID guidance in pilot patch","Pointer table entry in SK Set file(s); table selection code at sonic3k.asm loc_1B6A8 chooses Sprite_Listing3 or Sprite_ListingK by Current_zone; includes at sonic3k.asm Sprite_Listing3/Sprite_ListingK","Set 1 OpenGGF primary name Spikes; Set 2 OpenGGF primary name Spikes","High for pointer target and table-selection annotation; no behavior claim","Keep target label; rely on table-level header/hex-ID guidance in pilot patch"
"$09","Obj_AIZ1Tree","Obj_MHZCurledVine","Set1: Obj_AIZ1Tree; Set2: Obj_MHZCurledVine","Differing table targets; document in audit, no label rename in pilot patch","Pointer table entry in SK Set file(s); table selection code at sonic3k.asm loc_1B6A8 chooses Sprite_Listing3 or Sprite_ListingK by Current_zone; includes at sonic3k.asm Sprite_Listing3/Sprite_ListingK","Set 1 OpenGGF primary name AIZ1Tree; Set 2 OpenGGF primary name MHZCurledVine","High for pointer target and table-selection annotation; no behavior claim","Differing table targets; document in audit, no label rename in pilot patch"
"$0A","Obj_AIZ1ZiplinePeg","Obj_MHZStickyVine","Set1: Obj_AIZ1ZiplinePeg; Set2: Obj_MHZStickyVine","Differing table targets; document in audit, no label rename in pilot patch","Pointer table entry in SK Set file(s); table selection code at sonic3k.asm loc_1B6A8 chooses Sprite_Listing3 or Sprite_ListingK by Current_zone; includes at sonic3k.asm Sprite_Listing3/Sprite_ListingK","Set 1 OpenGGF primary name AIZ1ZiplinePeg; Set 2 OpenGGF primary name MHZStickyVine","High for pointer target and table-selection annotation; no behavior claim","Differing table targets; document in audit, no label rename in pilot patch"
"$0B","Obj_Ring","Obj_MHZSwingBarHorizontal","Set1: Obj_Ring; Set2: Obj_MHZSwingBarHorizontal","Differing table targets; document in audit, no label rename in pilot patch","Pointer table entry in SK Set file(s); table selection code at sonic3k.asm loc_1B6A8 chooses Sprite_Listing3 or Sprite_ListingK by Current_zone; includes at sonic3k.asm Sprite_Listing3/Sprite_ListingK","Set 1 not explicitly named in OpenGGF registry switch; Set 2 OpenGGF primary name MHZSwingBarHorizontal","High for pointer target and table-selection annotation; no behavior claim","Differing table targets; document in audit, no label rename in pilot patch"
"$0C","Obj_AIZGiantRideVine","Obj_MHZSwingBarVertical","Set1: Obj_AIZGiantRideVine; Set2: Obj_MHZSwingBarVertical","Differing table targets; document in audit, no label rename in pilot patch","Pointer table entry in SK Set file(s); table selection code at sonic3k.asm loc_1B6A8 chooses Sprite_Listing3 or Sprite_ListingK by Current_zone; includes at sonic3k.asm Sprite_Listing3/Sprite_ListingK","Set 1 OpenGGF primary name AIZGiantRideVine; Set 2 OpenGGF primary name MHZSwingBarVertical","High for pointer target and table-selection annotation; no behavior claim","Differing table targets; document in audit, no label rename in pilot patch"
"$0D","Obj_BreakableWall","Obj_BreakableWall","Set1: Obj_BreakableWall; Set2: Obj_BreakableWall","Keep target label; rely on table-level header/hex-ID guidance in pilot patch","Pointer table entry in SK Set file(s); table selection code at sonic3k.asm loc_1B6A8 chooses Sprite_Listing3 or Sprite_ListingK by Current_zone; includes at sonic3k.asm Sprite_Listing3/Sprite_ListingK","Set 1 OpenGGF primary name BreakableWall; Set 2 OpenGGF primary name BreakableWall","High for pointer target and table-selection annotation; no behavior claim","Keep target label; rely on table-level header/hex-ID guidance in pilot patch"
"$0E","Obj_TwistedRamp","Obj_TwistedRamp","Set1: Obj_TwistedRamp; Set2: Obj_TwistedRamp","Keep target label; rely on table-level header/hex-ID guidance in pilot patch","Pointer table entry in SK Set file(s); table selection code at sonic3k.asm loc_1B6A8 chooses Sprite_Listing3 or Sprite_ListingK by Current_zone; includes at sonic3k.asm Sprite_Listing3/Sprite_ListingK","Set 1 OpenGGF primary name TwistedRamp; Set 2 OpenGGF primary name TwistedRamp","High for pointer target and table-selection annotation; no behavior claim","Keep target label; rely on table-level header/hex-ID guidance in pilot patch"
"$0F","Obj_CollapsingBridge","Obj_CollapsingBridge","Set1: Obj_CollapsingBridge; Set2: Obj_CollapsingBridge","Keep target label; rely on table-level header/hex-ID guidance in pilot patch","Pointer table entry in SK Set file(s); table selection code at sonic3k.asm loc_1B6A8 chooses Sprite_Listing3 or Sprite_ListingK by Current_zone; includes at sonic3k.asm Sprite_Listing3/Sprite_ListingK","Set 1 OpenGGF primary name CollapsingBridge; Set 2 OpenGGF primary name CollapsingBridge","High for pointer target and table-selection annotation; no behavior claim","Keep target label; rely on table-level header/hex-ID guidance in pilot patch"
"$10","Obj_LBZTubeElevator","Obj_MHZSwingVine","Set1: Obj_LBZTubeElevator; Set2: Obj_MHZSwingVine","Differing table targets; document in audit, no label rename in pilot patch","Pointer table entry in SK Set file(s); table selection code at sonic3k.asm loc_1B6A8 chooses Sprite_Listing3 or Sprite_ListingK by Current_zone; includes at sonic3k.asm Sprite_Listing3/Sprite_ListingK","Set 1 OpenGGF primary name LBZTubeElevator; Set 2 OpenGGF primary name MHZSwingVine","High for pointer target and table-selection annotation; no behavior claim","Differing table targets; document in audit, no label rename in pilot patch"
"$11","Obj_LBZMovingPlatform","Obj_MHZMushroomPlatform","Set1: Obj_LBZMovingPlatform; Set2: Obj_MHZMushroomPlatform","Differing table targets; document in audit, no label rename in pilot patch","Pointer table entry in SK Set file(s); table selection code at sonic3k.asm loc_1B6A8 chooses Sprite_Listing3 or Sprite_ListingK by Current_zone; includes at sonic3k.asm Sprite_Listing3/Sprite_ListingK","Set 1 OpenGGF primary name LBZMovingPlatform; Set 2 OpenGGF primary name MHZMushroomPlatform","High for pointer target and table-selection annotation; no behavior claim","Differing table targets; document in audit, no label rename in pilot patch"
"$12","Obj_LBZUnusedElevator","Obj_MHZMushroomParachute","Set1: Obj_LBZUnusedElevator; Set2: Obj_MHZMushroomParachute","Differing table targets; document in audit, no label rename in pilot patch","Pointer table entry in SK Set file(s); table selection code at sonic3k.asm loc_1B6A8 chooses Sprite_Listing3 or Sprite_ListingK by Current_zone; includes at sonic3k.asm Sprite_Listing3/Sprite_ListingK","Set 1 OpenGGF primary name LBZUnusedElevator; Set 2 OpenGGF primary name MHZMushroomParachute","High for pointer target and table-selection annotation; no behavior claim","Differing table targets; document in audit, no label rename in pilot patch"
"$13","Obj_LBZExplodingTrigger","Obj_MHZMushroomCatapult","Set1: Obj_LBZExplodingTrigger; Set2: Obj_MHZMushroomCatapult","Differing table targets; document in audit, no label rename in pilot patch","Pointer table entry in SK Set file(s); table selection code at sonic3k.asm loc_1B6A8 chooses Sprite_Listing3 or Sprite_ListingK by Current_zone; includes at sonic3k.asm Sprite_Listing3/Sprite_ListingK","Set 1 OpenGGF primary name LBZExplodingTrigger; Set 2 OpenGGF primary name MHZMushroomCatapult","High for pointer target and table-selection annotation; no behavior claim","Differing table targets; document in audit, no label rename in pilot patch"
"$14","Obj_LBZTriggerBridge","Obj_Updraft","Set1: Obj_LBZTriggerBridge; Set2: Obj_Updraft","Differing table targets; document in audit, no label rename in pilot patch","Pointer table entry in SK Set file(s); table selection code at sonic3k.asm loc_1B6A8 chooses Sprite_Listing3 or Sprite_ListingK by Current_zone; includes at sonic3k.asm Sprite_Listing3/Sprite_ListingK","Set 1 OpenGGF primary name LBZTriggerBridge; Set 2 OpenGGF primary name Updraft","High for pointer target and table-selection annotation; no behavior claim","Differing table targets; document in audit, no label rename in pilot patch"
"$15","Obj_LBZPlayerLauncher","Obj_LRZCorkscrew","Set1: Obj_LBZPlayerLauncher; Set2: Obj_LRZCorkscrew","Differing table targets; document in audit, no label rename in pilot patch","Pointer table entry in SK Set file(s); table selection code at sonic3k.asm loc_1B6A8 chooses Sprite_Listing3 or Sprite_ListingK by Current_zone; includes at sonic3k.asm Sprite_Listing3/Sprite_ListingK","Set 1 OpenGGF primary name LBZPlayerLauncher; Set 2 OpenGGF primary name LRZCorkscrew","High for pointer target and table-selection annotation; no behavior claim","Differing table targets; document in audit, no label rename in pilot patch"
"$16","Obj_LBZFlameThrower","Obj_LRZWallRide","Set1: Obj_LBZFlameThrower; Set2: Obj_LRZWallRide","Differing table targets; document in audit, no label rename in pilot patch","Pointer table entry in SK Set file(s); table selection code at sonic3k.asm loc_1B6A8 chooses Sprite_Listing3 or Sprite_ListingK by Current_zone; includes at sonic3k.asm Sprite_Listing3/Sprite_ListingK","Set 1 OpenGGF primary name LBZFlameThrower; Set 2 OpenGGF primary name LRZWallRide","High for pointer target and table-selection annotation; no behavior claim","Differing table targets; document in audit, no label rename in pilot patch"
"$17","Obj_LBZRideGrapple","Obj_LRZSinkingRock","Set1: Obj_LBZRideGrapple; Set2: Obj_LRZSinkingRock","Differing table targets; document in audit, no label rename in pilot patch","Pointer table entry in SK Set file(s); table selection code at sonic3k.asm loc_1B6A8 chooses Sprite_Listing3 or Sprite_ListingK by Current_zone; includes at sonic3k.asm Sprite_Listing3/Sprite_ListingK","Set 1 OpenGGF primary name LBZRideGrapple; Set 2 OpenGGF primary name LRZSinkingRock","High for pointer target and table-selection annotation; no behavior claim","Differing table targets; document in audit, no label rename in pilot patch"
"$18","Obj_LBZCupElevator","Obj_LRZFallingSpike","Set1: Obj_LBZCupElevator; Set2: Obj_LRZFallingSpike","Differing table targets; document in audit, no label rename in pilot patch","Pointer table entry in SK Set file(s); table selection code at sonic3k.asm loc_1B6A8 chooses Sprite_Listing3 or Sprite_ListingK by Current_zone; includes at sonic3k.asm Sprite_Listing3/Sprite_ListingK","Set 1 OpenGGF primary name LBZCupElevator; Set 2 OpenGGF primary name LRZFallingSpike","High for pointer target and table-selection annotation; no behavior claim","Differing table targets; document in audit, no label rename in pilot patch"
"$19","Obj_LBZCupElevatorPole","Obj_LRZDoor","Set1: Obj_LBZCupElevatorPole; Set2: Obj_LRZDoor","Differing table targets; document in audit, no label rename in pilot patch","Pointer table entry in SK Set file(s); table selection code at sonic3k.asm loc_1B6A8 chooses Sprite_Listing3 or Sprite_ListingK by Current_zone; includes at sonic3k.asm Sprite_Listing3/Sprite_ListingK","Set 1 OpenGGF primary name LBZCupElevatorPole; Set 2 OpenGGF primary name LRZDoor","High for pointer target and table-selection annotation; no behavior claim","Differing table targets; document in audit, no label rename in pilot patch"
"$1A","Obj_LBZUnusedTiltingBridge","Obj_LRZBigDoor","Set1: Obj_LBZUnusedTiltingBridge; Set2: Obj_LRZBigDoor","Differing table targets; document in audit, no label rename in pilot patch","Pointer table entry in SK Set file(s); table selection code at sonic3k.asm loc_1B6A8 chooses Sprite_Listing3 or Sprite_ListingK by Current_zone; includes at sonic3k.asm Sprite_Listing3/Sprite_ListingK","Set 1 OpenGGF primary name LBZUnusedTiltingBridge; Set 2 OpenGGF primary name LRZBigDoor","High for pointer target and table-selection annotation; no behavior claim","Differing table targets; document in audit, no label rename in pilot patch"
"$1B","Obj_LBZPipePlug","Obj_LRZFireballLauncher","Set1: Obj_LBZPipePlug; Set2: Obj_LRZFireballLauncher","Differing table targets; document in audit, no label rename in pilot patch","Pointer table entry in SK Set file(s); table selection code at sonic3k.asm loc_1B6A8 chooses Sprite_Listing3 or Sprite_ListingK by Current_zone; includes at sonic3k.asm Sprite_Listing3/Sprite_ListingK","Set 1 OpenGGF primary name LBZPipePlug; Set 2 OpenGGF primary name LRZFireballLauncher","High for pointer target and table-selection annotation; no behavior claim","Differing table targets; document in audit, no label rename in pilot patch"
"$1C","Obj_Ring","Obj_LRZButtonHorizontal","Set1: Obj_Ring; Set2: Obj_LRZButtonHorizontal","Differing table targets; document in audit, no label rename in pilot patch","Pointer table entry in SK Set file(s); table selection code at sonic3k.asm loc_1B6A8 chooses Sprite_Listing3 or Sprite_ListingK by Current_zone; includes at sonic3k.asm Sprite_Listing3/Sprite_ListingK","Set 1 not explicitly named in OpenGGF registry switch; Set 2 OpenGGF primary name LRZButtonHorizontal","High for pointer target and table-selection annotation; no behavior claim","Differing table targets; document in audit, no label rename in pilot patch"
"$1D","Obj_LBZUnusedBarPlatform","Obj_LRZShootingTrigger","Set1: Obj_LBZUnusedBarPlatform; Set2: Obj_LRZShootingTrigger","Differing table targets; document in audit, no label rename in pilot patch","Pointer table entry in SK Set file(s); table selection code at sonic3k.asm loc_1B6A8 chooses Sprite_Listing3 or Sprite_ListingK by Current_zone; includes at sonic3k.asm Sprite_Listing3/Sprite_ListingK","Set 1 OpenGGF primary name LBZUnusedBarPlatform; Set 2 OpenGGF primary name LRZShootingTrigger","High for pointer target and table-selection annotation; no behavior claim","Differing table targets; document in audit, no label rename in pilot patch"
"$1E","Obj_LBZSpinLauncher","Obj_LRZDashElevator","Set1: Obj_LBZSpinLauncher; Set2: Obj_LRZDashElevator","Differing table targets; document in audit, no label rename in pilot patch","Pointer table entry in SK Set file(s); table selection code at sonic3k.asm loc_1B6A8 chooses Sprite_Listing3 or Sprite_ListingK by Current_zone; includes at sonic3k.asm Sprite_Listing3/Sprite_ListingK","Set 1 OpenGGF primary name LBZSpinLauncher; Set 2 OpenGGF primary name LRZDashElevator","High for pointer target and table-selection annotation; no behavior claim","Differing table targets; document in audit, no label rename in pilot patch"
"$1F","Obj_LBZLoweringGrapple","Obj_LRZLavaFall","Set1: Obj_LBZLoweringGrapple; Set2: Obj_LRZLavaFall","Differing table targets; document in audit, no label rename in pilot patch","Pointer table entry in SK Set file(s); table selection code at sonic3k.asm loc_1B6A8 chooses Sprite_Listing3 or Sprite_ListingK by Current_zone; includes at sonic3k.asm Sprite_Listing3/Sprite_ListingK","Set 1 OpenGGF primary name LBZLoweringGrapple; Set 2 OpenGGF primary name LRZLavaFall","High for pointer target and table-selection annotation; no behavior claim","Differing table targets; document in audit, no label rename in pilot patch"
"$20","Obj_MGZLBZSmashingPillar","Obj_LRZSwingingSpikeBall","Set1: Obj_MGZLBZSmashingPillar; Set2: Obj_LRZSwingingSpikeBall","Differing table targets; document in audit, no label rename in pilot patch","Pointer table entry in SK Set file(s); table selection code at sonic3k.asm loc_1B6A8 chooses Sprite_Listing3 or Sprite_ListingK by Current_zone; includes at sonic3k.asm Sprite_Listing3/Sprite_ListingK","Set 1 OpenGGF primary name MGZLBZSmashingPillar; Set 2 OpenGGF primary name LRZSwingingSpikeBall","High for pointer target and table-selection annotation; no behavior claim","Differing table targets; document in audit, no label rename in pilot patch"
"$21","Obj_LBZGateLaser","Obj_LRZSmashingSpikePlatform","Set1: Obj_LBZGateLaser; Set2: Obj_LRZSmashingSpikePlatform","Differing table targets; document in audit, no label rename in pilot patch","Pointer table entry in SK Set file(s); table selection code at sonic3k.asm loc_1B6A8 chooses Sprite_Listing3 or Sprite_ListingK by Current_zone; includes at sonic3k.asm Sprite_Listing3/Sprite_ListingK","Set 1 OpenGGF primary name LBZGateLaser; Set 2 OpenGGF primary name LRZSmashingSpikePlatform","High for pointer target and table-selection annotation; no behavior claim","Differing table targets; document in audit, no label rename in pilot patch"
"$22","Obj_LBZAlarm","Obj_LRZSpikeBall","Set1: Obj_LBZAlarm; Set2: Obj_LRZSpikeBall","Differing table targets; document in audit, no label rename in pilot patch","Pointer table entry in SK Set file(s); table selection code at sonic3k.asm loc_1B6A8 chooses Sprite_Listing3 or Sprite_ListingK by Current_zone; includes at sonic3k.asm Sprite_Listing3/Sprite_ListingK","Set 1 OpenGGF primary name LBZAlarm; Set 2 OpenGGF primary name LRZSpikeBall","High for pointer target and table-selection annotation; no behavior claim","Differing table targets; document in audit, no label rename in pilot patch"
"$23","Obj_LBZUnusedForceFall","Obj_MHZMushroomCap","Set1: Obj_LBZUnusedForceFall; Set2: Obj_MHZMushroomCap","Differing table targets; document in audit, no label rename in pilot patch","Pointer table entry in SK Set file(s); table selection code at sonic3k.asm loc_1B6A8 chooses Sprite_Listing3 or Sprite_ListingK by Current_zone; includes at sonic3k.asm Sprite_Listing3/Sprite_ListingK","Set 1 OpenGGF primary name LBZUnusedForceFall; Set 2 OpenGGF primary name MHZMushroomCap","High for pointer target and table-selection annotation; no behavior claim","Differing table targets; document in audit, no label rename in pilot patch"
"$24","Obj_AutomaticTunnel","Obj_AutomaticTunnel","Set1: Obj_AutomaticTunnel; Set2: Obj_AutomaticTunnel","Keep target label; rely on table-level header/hex-ID guidance in pilot patch","Pointer table entry in SK Set file(s); table selection code at sonic3k.asm loc_1B6A8 chooses Sprite_Listing3 or Sprite_ListingK by Current_zone; includes at sonic3k.asm Sprite_Listing3/Sprite_ListingK","Set 1 OpenGGF primary name AutomaticTunnel; Set 2 OpenGGF primary name AutomaticTunnel","High for pointer target and table-selection annotation; no behavior claim","Keep target label; rely on table-level header/hex-ID guidance in pilot patch"
"$25","Obj_Ring","Obj_LRZChainedPlatforms","Set1: Obj_Ring; Set2: Obj_LRZChainedPlatforms","Differing table targets; document in audit, no label rename in pilot patch","Pointer table entry in SK Set file(s); table selection code at sonic3k.asm loc_1B6A8 chooses Sprite_Listing3 or Sprite_ListingK by Current_zone; includes at sonic3k.asm Sprite_Listing3/Sprite_ListingK","Set 1 not explicitly named in OpenGGF registry switch; Set 2 OpenGGF primary name LRZChainedPlatforms","High for pointer target and table-selection annotation; no behavior claim","Differing table targets; document in audit, no label rename in pilot patch"
"$26","Obj_AutoSpin","Obj_AutoSpin","Set1: Obj_AutoSpin; Set2: Obj_AutoSpin","Keep target label; rely on table-level header/hex-ID guidance in pilot patch","Pointer table entry in SK Set file(s); table selection code at sonic3k.asm loc_1B6A8 chooses Sprite_Listing3 or Sprite_ListingK by Current_zone; includes at sonic3k.asm Sprite_Listing3/Sprite_ListingK","Set 1 OpenGGF primary name AutoSpin; Set 2 OpenGGF primary name AutoSpin","High for pointer target and table-selection annotation; no behavior claim","Keep target label; rely on table-level header/hex-ID guidance in pilot patch"
"$27","Obj_S2LavaMarker","Obj_S2LavaMarker","Set1: Obj_S2LavaMarker; Set2: Obj_S2LavaMarker","Keep target label; rely on table-level header/hex-ID guidance in pilot patch","Pointer table entry in SK Set file(s); table selection code at sonic3k.asm loc_1B6A8 chooses Sprite_Listing3 or Sprite_ListingK by Current_zone; includes at sonic3k.asm Sprite_Listing3/Sprite_ListingK","Set 1 OpenGGF primary name S2LavaMarker; Set 2 OpenGGF primary name S2LavaMarker","High for pointer target and table-selection annotation; no behavior claim","Keep target label; rely on table-level header/hex-ID guidance in pilot patch"
"$28","Obj_InvisibleBlock","Obj_InvisibleBlock","Set1: Obj_InvisibleBlock; Set2: Obj_InvisibleBlock","Keep target label; rely on table-level header/hex-ID guidance in pilot patch","Pointer table entry in SK Set file(s); table selection code at sonic3k.asm loc_1B6A8 chooses Sprite_Listing3 or Sprite_ListingK by Current_zone; includes at sonic3k.asm Sprite_Listing3/Sprite_ListingK","Set 1 OpenGGF primary name InvisibleBlock; Set 2 OpenGGF primary name InvisibleBlock","High for pointer target and table-selection annotation; no behavior claim","Keep target label; rely on table-level header/hex-ID guidance in pilot patch"
"$29","Obj_AIZDisappearingFloor","Obj_LRZFlameThrower","Set1: Obj_AIZDisappearingFloor; Set2: Obj_LRZFlameThrower","Differing table targets; document in audit, no label rename in pilot patch","Pointer table entry in SK Set file(s); table selection code at sonic3k.asm loc_1B6A8 chooses Sprite_Listing3 or Sprite_ListingK by Current_zone; includes at sonic3k.asm Sprite_Listing3/Sprite_ListingK","Set 1 OpenGGF primary name AIZDisappearingFloor; Set 2 OpenGGF primary name LRZFlameThrower","High for pointer target and table-selection annotation; no behavior claim","Differing table targets; document in audit, no label rename in pilot patch"
"$2A","Obj_CorkFloor","Obj_CorkFloor","Set1: Obj_CorkFloor; Set2: Obj_CorkFloor","Keep target label; rely on table-level header/hex-ID guidance in pilot patch","Pointer table entry in SK Set file(s); table selection code at sonic3k.asm loc_1B6A8 chooses Sprite_Listing3 or Sprite_ListingK by Current_zone; includes at sonic3k.asm Sprite_Listing3/Sprite_ListingK","Set 1 OpenGGF primary name CorkFloor; Set 2 OpenGGF primary name CorkFloor","High for pointer target and table-selection annotation; no behavior claim","Keep target label; rely on table-level header/hex-ID guidance in pilot patch"
"$2B","Obj_AIZFlippingBridge","Obj_LRZOrbitingSpikeBallHorizontal","Set1: Obj_AIZFlippingBridge; Set2: Obj_LRZOrbitingSpikeBallHorizontal","Differing table targets; document in audit, no label rename in pilot patch","Pointer table entry in SK Set file(s); table selection code at sonic3k.asm loc_1B6A8 chooses Sprite_Listing3 or Sprite_ListingK by Current_zone; includes at sonic3k.asm Sprite_Listing3/Sprite_ListingK","Set 1 OpenGGF primary name AIZFlippingBridge; Set 2 OpenGGF primary name LRZOrbitingSpikeBallH","High for pointer target and table-selection annotation; no behavior claim","Differing table targets; document in audit, no label rename in pilot patch"
"$2C","Obj_AIZCollapsingLogBridge","Obj_LRZOrbitingSpikeBallVertical","Set1: Obj_AIZCollapsingLogBridge; Set2: Obj_LRZOrbitingSpikeBallVertical","Differing table targets; document in audit, no label rename in pilot patch","Pointer table entry in SK Set file(s); table selection code at sonic3k.asm loc_1B6A8 chooses Sprite_Listing3 or Sprite_ListingK by Current_zone; includes at sonic3k.asm Sprite_Listing3/Sprite_ListingK","Set 1 OpenGGF primary name AIZCollapsingLogBridge; Set 2 OpenGGF primary name LRZOrbitingSpikeBallV","High for pointer target and table-selection annotation; no behavior claim","Differing table targets; document in audit, no label rename in pilot patch"
"$2D","Obj_AIZFallingLog","Obj_LRZSolidMovingPlatforms","Set1: Obj_AIZFallingLog; Set2: Obj_LRZSolidMovingPlatforms","Differing table targets; document in audit, no label rename in pilot patch","Pointer table entry in SK Set file(s); table selection code at sonic3k.asm loc_1B6A8 chooses Sprite_Listing3 or Sprite_ListingK by Current_zone; includes at sonic3k.asm Sprite_Listing3/Sprite_ListingK","Set 1 OpenGGF primary name AIZFallingLog; Set 2 OpenGGF primary name LRZSolidMovingPlatforms","High for pointer target and table-selection annotation; no behavior claim","Differing table targets; document in audit, no label rename in pilot patch"
"$2E","Obj_AIZSpikedLog","Obj_LRZSolidRock","Set1: Obj_AIZSpikedLog; Set2: Obj_LRZSolidRock","Differing table targets; document in audit, no label rename in pilot patch","Pointer table entry in SK Set file(s); table selection code at sonic3k.asm loc_1B6A8 chooses Sprite_Listing3 or Sprite_ListingK by Current_zone; includes at sonic3k.asm Sprite_Listing3/Sprite_ListingK","Set 1 OpenGGF primary name AIZSpikedLog; Set 2 OpenGGF primary name LRZSolidRock","High for pointer target and table-selection annotation; no behavior claim","Differing table targets; document in audit, no label rename in pilot patch"
"$2F","Obj_StillSprite","Obj_StillSprite","Set1: Obj_StillSprite; Set2: Obj_StillSprite","Keep target label; rely on table-level header/hex-ID guidance in pilot patch","Pointer table entry in SK Set file(s); table selection code at sonic3k.asm loc_1B6A8 chooses Sprite_Listing3 or Sprite_ListingK by Current_zone; includes at sonic3k.asm Sprite_Listing3/Sprite_ListingK","Set 1 OpenGGF primary name StillSprite; Set 2 OpenGGF primary name StillSprite","High for pointer target and table-selection annotation; no behavior claim","Keep target label; rely on table-level header/hex-ID guidance in pilot patch"
"$30","Obj_AnimatedStillSprite","Obj_AnimatedStillSprite","Set1: Obj_AnimatedStillSprite; Set2: Obj_AnimatedStillSprite","Keep target label; rely on table-level header/hex-ID guidance in pilot patch","Pointer table entry in SK Set file(s); table selection code at sonic3k.asm loc_1B6A8 chooses Sprite_Listing3 or Sprite_ListingK by Current_zone; includes at sonic3k.asm Sprite_Listing3/Sprite_ListingK","Set 1 OpenGGF primary name AnimatedStillSprite; Set 2 OpenGGF primary name AnimatedStillSprite","High for pointer target and table-selection annotation; no behavior claim","Keep target label; rely on table-level header/hex-ID guidance in pilot patch"
"$31","Obj_LBZRollingDrum","Obj_LRZCollapsingBridge","Set1: Obj_LBZRollingDrum; Set2: Obj_LRZCollapsingBridge","Differing table targets; document in audit, no label rename in pilot patch","Pointer table entry in SK Set file(s); table selection code at sonic3k.asm loc_1B6A8 chooses Sprite_Listing3 or Sprite_ListingK by Current_zone; includes at sonic3k.asm Sprite_Listing3/Sprite_ListingK","Set 1 OpenGGF primary name LBZRollingDrum; Set 2 OpenGGF primary name LRZCollapsingBridge","High for pointer target and table-selection annotation; no behavior claim","Differing table targets; document in audit, no label rename in pilot patch"
"$32","Obj_AIZDrawBridge","Obj_LRZTurbineSprites","Set1: Obj_AIZDrawBridge; Set2: Obj_LRZTurbineSprites","Differing table targets; document in audit, no label rename in pilot patch","Pointer table entry in SK Set file(s); table selection code at sonic3k.asm loc_1B6A8 chooses Sprite_Listing3 or Sprite_ListingK by Current_zone; includes at sonic3k.asm Sprite_Listing3/Sprite_ListingK","Set 1 OpenGGF primary name AIZDrawBridge; Set 2 OpenGGF primary name LRZTurbineSprites","High for pointer target and table-selection annotation; no behavior claim","Differing table targets; document in audit, no label rename in pilot patch"
"$33","Obj_Button","Obj_Button","Set1: Obj_Button; Set2: Obj_Button","Keep target label; rely on table-level header/hex-ID guidance in pilot patch","Pointer table entry in SK Set file(s); table selection code at sonic3k.asm loc_1B6A8 chooses Sprite_Listing3 or Sprite_ListingK by Current_zone; includes at sonic3k.asm Sprite_Listing3/Sprite_ListingK","Set 1 OpenGGF primary name Button; Set 2 OpenGGF primary name Button","High for pointer target and table-selection annotation; no behavior claim","Keep target label; rely on table-level header/hex-ID guidance in pilot patch"
"$34","Obj_StarPost","Obj_StarPost","Set1: Obj_StarPost; Set2: Obj_StarPost","Keep target label; rely on table-level header/hex-ID guidance in pilot patch","Pointer table entry in SK Set file(s); table selection code at sonic3k.asm loc_1B6A8 chooses Sprite_Listing3 or Sprite_ListingK by Current_zone; includes at sonic3k.asm Sprite_Listing3/Sprite_ListingK","Set 1 OpenGGF primary name StarPost; Set 2 OpenGGF primary name StarPost","High for pointer target and table-selection annotation; no behavior claim","Keep target label; rely on table-level header/hex-ID guidance in pilot patch"
"$35","Obj_AIZForegroundPlant","Obj_AIZForegroundPlant","Set1: Obj_AIZForegroundPlant; Set2: Obj_AIZForegroundPlant","Keep target label; rely on table-level header/hex-ID guidance in pilot patch","Pointer table entry in SK Set file(s); table selection code at sonic3k.asm loc_1B6A8 chooses Sprite_Listing3 or Sprite_ListingK by Current_zone; includes at sonic3k.asm Sprite_Listing3/Sprite_ListingK","Set 1 OpenGGF primary name AIZForegroundPlant; Set 2 OpenGGF primary name AIZForegroundPlant","High for pointer target and table-selection annotation; no behavior claim","Keep target label; rely on table-level header/hex-ID guidance in pilot patch"
"$36","Obj_HCZBreakableBar","Obj_HCZBreakableBar","Set1: Obj_HCZBreakableBar; Set2: Obj_HCZBreakableBar","Keep target label; rely on table-level header/hex-ID guidance in pilot patch","Pointer table entry in SK Set file(s); table selection code at sonic3k.asm loc_1B6A8 chooses Sprite_Listing3 or Sprite_ListingK by Current_zone; includes at sonic3k.asm Sprite_Listing3/Sprite_ListingK","Set 1 OpenGGF primary name HCZBreakableBar; Set 2 OpenGGF primary name HCZBreakableBar","High for pointer target and table-selection annotation; no behavior claim","Keep target label; rely on table-level header/hex-ID guidance in pilot patch"
"$37","Obj_HCZWaterRush","Obj_LRZSpikeBallLauncher","Set1: Obj_HCZWaterRush; Set2: Obj_LRZSpikeBallLauncher","Differing table targets; document in audit, no label rename in pilot patch","Pointer table entry in SK Set file(s); table selection code at sonic3k.asm loc_1B6A8 chooses Sprite_Listing3 or Sprite_ListingK by Current_zone; includes at sonic3k.asm Sprite_Listing3/Sprite_ListingK","Set 1 OpenGGF primary name HCZWaterRush; Set 2 OpenGGF primary name LRZSpikeBallLauncher","High for pointer target and table-selection annotation; no behavior claim","Differing table targets; document in audit, no label rename in pilot patch"
"$38","Obj_HCZCGZFan","Obj_SOZQuicksand","Set1: Obj_HCZCGZFan; Set2: Obj_SOZQuicksand","Differing table targets; document in audit, no label rename in pilot patch","Pointer table entry in SK Set file(s); table selection code at sonic3k.asm loc_1B6A8 chooses Sprite_Listing3 or Sprite_ListingK by Current_zone; includes at sonic3k.asm Sprite_Listing3/Sprite_ListingK","Set 1 OpenGGF primary name HCZCGZFan; Set 2 OpenGGF primary name SOZQuicksand","High for pointer target and table-selection annotation; no behavior claim","Differing table targets; document in audit, no label rename in pilot patch"
"$39","Obj_HCZLargeFan","Obj_SOZSpawningSandBlocks","Set1: Obj_HCZLargeFan; Set2: Obj_SOZSpawningSandBlocks","Differing table targets; document in audit, no label rename in pilot patch","Pointer table entry in SK Set file(s); table selection code at sonic3k.asm loc_1B6A8 chooses Sprite_Listing3 or Sprite_ListingK by Current_zone; includes at sonic3k.asm Sprite_Listing3/Sprite_ListingK","Set 1 OpenGGF primary name HCZLargeFan; Set 2 OpenGGF primary name SOZSpawningSandBlocks","High for pointer target and table-selection annotation; no behavior claim","Differing table targets; document in audit, no label rename in pilot patch"
"$3A","Obj_HCZHandLauncher","Obj_SOZPathSwap","Set1: Obj_HCZHandLauncher; Set2: Obj_SOZPathSwap","Differing table targets; document in audit, no label rename in pilot patch","Pointer table entry in SK Set file(s); table selection code at sonic3k.asm loc_1B6A8 chooses Sprite_Listing3 or Sprite_ListingK by Current_zone; includes at sonic3k.asm Sprite_Listing3/Sprite_ListingK","Set 1 OpenGGF primary name HCZHandLauncher; Set 2 OpenGGF primary name SOZPathSwap","High for pointer target and table-selection annotation; no behavior claim","Differing table targets; document in audit, no label rename in pilot patch"
"$3B","Obj_HCZWaterWall","Obj_SOZLoopFallthrough","Set1: Obj_HCZWaterWall; Set2: Obj_SOZLoopFallthrough","Differing table targets; document in audit, no label rename in pilot patch","Pointer table entry in SK Set file(s); table selection code at sonic3k.asm loc_1B6A8 chooses Sprite_Listing3 or Sprite_ListingK by Current_zone; includes at sonic3k.asm Sprite_Listing3/Sprite_ListingK","Set 1 OpenGGF primary name HCZWaterWall; Set 2 OpenGGF primary name SOZLoopFallthrough","High for pointer target and table-selection annotation; no behavior claim","Differing table targets; document in audit, no label rename in pilot patch"
"$3C","Obj_Door","Obj_Door","Set1: Obj_Door; Set2: Obj_Door","Keep target label; rely on table-level header/hex-ID guidance in pilot patch","Pointer table entry in SK Set file(s); table selection code at sonic3k.asm loc_1B6A8 chooses Sprite_Listing3 or Sprite_ListingK by Current_zone; includes at sonic3k.asm Sprite_Listing3/Sprite_ListingK","Set 1 OpenGGF primary name Door; Set 2 OpenGGF primary name Door","High for pointer target and table-selection annotation; no behavior claim","Keep target label; rely on table-level header/hex-ID guidance in pilot patch"
"$3D","Obj_RetractingSpring","Obj_RetractingSpring","Set1: Obj_RetractingSpring; Set2: Obj_RetractingSpring","Keep target label; rely on table-level header/hex-ID guidance in pilot patch","Pointer table entry in SK Set file(s); table selection code at sonic3k.asm loc_1B6A8 chooses Sprite_Listing3 or Sprite_ListingK by Current_zone; includes at sonic3k.asm Sprite_Listing3/Sprite_ListingK","Set 1 OpenGGF primary name RetractingSpring; Set 2 OpenGGF primary name RetractingSpring","High for pointer target and table-selection annotation; no behavior claim","Keep target label; rely on table-level header/hex-ID guidance in pilot patch"
"$3E","Obj_HCZConveyorBelt","Obj_SOZPushableRock","Set1: Obj_HCZConveyorBelt; Set2: Obj_SOZPushableRock","Differing table targets; document in audit, no label rename in pilot patch","Pointer table entry in SK Set file(s); table selection code at sonic3k.asm loc_1B6A8 chooses Sprite_Listing3 or Sprite_ListingK by Current_zone; includes at sonic3k.asm Sprite_Listing3/Sprite_ListingK","Set 1 OpenGGF primary name HCZConveyorBelt; Set 2 OpenGGF primary name SOZPushableRock","High for pointer target and table-selection annotation; no behavior claim","Differing table targets; document in audit, no label rename in pilot patch"
"$3F","Obj_HCZConveryorSpike","Obj_SOZSpringVine","Set1: Obj_HCZConveryorSpike; Set2: Obj_SOZSpringVine","Differing table targets; document in audit, no label rename in pilot patch","Pointer table entry in SK Set file(s); table selection code at sonic3k.asm loc_1B6A8 chooses Sprite_Listing3 or Sprite_ListingK by Current_zone; includes at sonic3k.asm Sprite_Listing3/Sprite_ListingK","Set 1 OpenGGF primary name HCZConveyorSpike; Set 2 OpenGGF primary name SOZSpringVine","High for pointer target and table-selection annotation; no behavior claim","Differing table targets; document in audit, no label rename in pilot patch"
"$40","Obj_HCZBlock","Obj_SOZRisingSandWall","Set1: Obj_HCZBlock; Set2: Obj_SOZRisingSandWall","Differing table targets; document in audit, no label rename in pilot patch","Pointer table entry in SK Set file(s); table selection code at sonic3k.asm loc_1B6A8 chooses Sprite_Listing3 or Sprite_ListingK by Current_zone; includes at sonic3k.asm Sprite_Listing3/Sprite_ListingK","Set 1 OpenGGF primary name HCZBlock; Set 2 OpenGGF primary name SOZRisingSandWall","High for pointer target and table-selection annotation; no behavior claim","Differing table targets; document in audit, no label rename in pilot patch"
"$41","Obj_CNZBalloon","Obj_SOZLightSwitch","Set1: Obj_CNZBalloon; Set2: Obj_SOZLightSwitch","Differing table targets; document in audit, no label rename in pilot patch","Pointer table entry in SK Set file(s); table selection code at sonic3k.asm loc_1B6A8 chooses Sprite_Listing3 or Sprite_ListingK by Current_zone; includes at sonic3k.asm Sprite_Listing3/Sprite_ListingK","Set 1 OpenGGF primary name CNZBalloon; Set 2 OpenGGF primary name SOZLightSwitch","High for pointer target and table-selection annotation; no behavior claim","Differing table targets; document in audit, no label rename in pilot patch"
"$42","Obj_CNZCannon","Obj_SOZFloatingPillar","Set1: Obj_CNZCannon; Set2: Obj_SOZFloatingPillar","Differing table targets; document in audit, no label rename in pilot patch","Pointer table entry in SK Set file(s); table selection code at sonic3k.asm loc_1B6A8 chooses Sprite_Listing3 or Sprite_ListingK by Current_zone; includes at sonic3k.asm Sprite_Listing3/Sprite_ListingK","Set 1 OpenGGF primary name CNZCannon; Set 2 OpenGGF primary name SOZFloatingPillar","High for pointer target and table-selection annotation; no behavior claim","Differing table targets; document in audit, no label rename in pilot patch"
"$43","Obj_CNZRisingPlatform","Obj_SOZSwingingPlatform","Set1: Obj_CNZRisingPlatform; Set2: Obj_SOZSwingingPlatform","Differing table targets; document in audit, no label rename in pilot patch","Pointer table entry in SK Set file(s); table selection code at sonic3k.asm loc_1B6A8 chooses Sprite_Listing3 or Sprite_ListingK by Current_zone; includes at sonic3k.asm Sprite_Listing3/Sprite_ListingK","Set 1 OpenGGF primary name CNZRisingPlatform; Set 2 OpenGGF primary name SOZSwingingPlatform","High for pointer target and table-selection annotation; no behavior claim","Differing table targets; document in audit, no label rename in pilot patch"
"$44","Obj_CNZTrapDoor","Obj_SOZBreakableSandRock","Set1: Obj_CNZTrapDoor; Set2: Obj_SOZBreakableSandRock","Differing table targets; document in audit, no label rename in pilot patch","Pointer table entry in SK Set file(s); table selection code at sonic3k.asm loc_1B6A8 chooses Sprite_Listing3 or Sprite_ListingK by Current_zone; includes at sonic3k.asm Sprite_Listing3/Sprite_ListingK","Set 1 OpenGGF primary name CNZTrapDoor; Set 2 OpenGGF primary name SOZBreakableSandRock","High for pointer target and table-selection annotation; no behavior claim","Differing table targets; document in audit, no label rename in pilot patch"
"$45","Obj_CNZLightBulb","Obj_SOZPushSwitch","Set1: Obj_CNZLightBulb; Set2: Obj_SOZPushSwitch","Differing table targets; document in audit, no label rename in pilot patch","Pointer table entry in SK Set file(s); table selection code at sonic3k.asm loc_1B6A8 chooses Sprite_Listing3 or Sprite_ListingK by Current_zone; includes at sonic3k.asm Sprite_Listing3/Sprite_ListingK","Set 1 OpenGGF primary name CNZLightBulb; Set 2 OpenGGF primary name SOZPushSwitch","High for pointer target and table-selection annotation; no behavior claim","Differing table targets; document in audit, no label rename in pilot patch"
"$46","Obj_CNZHoverFan","Obj_SOZDoor","Set1: Obj_CNZHoverFan; Set2: Obj_SOZDoor","Differing table targets; document in audit, no label rename in pilot patch","Pointer table entry in SK Set file(s); table selection code at sonic3k.asm loc_1B6A8 chooses Sprite_Listing3 or Sprite_ListingK by Current_zone; includes at sonic3k.asm Sprite_Listing3/Sprite_ListingK","Set 1 OpenGGF primary name CNZHoverFan; Set 2 OpenGGF primary name SOZDoor","High for pointer target and table-selection annotation; no behavior claim","Differing table targets; document in audit, no label rename in pilot patch"
"$47","Obj_CNZCylinder","Obj_SOZSandCork","Set1: Obj_CNZCylinder; Set2: Obj_SOZSandCork","Differing table targets; document in audit, no label rename in pilot patch","Pointer table entry in SK Set file(s); table selection code at sonic3k.asm loc_1B6A8 chooses Sprite_Listing3 or Sprite_ListingK by Current_zone; includes at sonic3k.asm Sprite_Listing3/Sprite_ListingK","Set 1 OpenGGF primary name CNZCylinder; Set 2 OpenGGF primary name SOZSandCork","High for pointer target and table-selection annotation; no behavior claim","Differing table targets; document in audit, no label rename in pilot patch"
"$48","Obj_CNZVacuumTube","Obj_SOZRapelWire","Set1: Obj_CNZVacuumTube; Set2: Obj_SOZRapelWire","Differing table targets; document in audit, no label rename in pilot patch","Pointer table entry in SK Set file(s); table selection code at sonic3k.asm loc_1B6A8 chooses Sprite_Listing3 or Sprite_ListingK by Current_zone; includes at sonic3k.asm Sprite_Listing3/Sprite_ListingK","Set 1 OpenGGF primary name CNZVacuumTube; Set 2 OpenGGF primary name SOZRapelWire","High for pointer target and table-selection annotation; no behavior claim","Differing table targets; document in audit, no label rename in pilot patch"
"$49","Obj_CNZGiantWheel","Obj_SOZSolidSprites","Set1: Obj_CNZGiantWheel; Set2: Obj_SOZSolidSprites","Differing table targets; document in audit, no label rename in pilot patch","Pointer table entry in SK Set file(s); table selection code at sonic3k.asm loc_1B6A8 chooses Sprite_Listing3 or Sprite_ListingK by Current_zone; includes at sonic3k.asm Sprite_Listing3/Sprite_ListingK","Set 1 OpenGGF primary name CNZGiantWheel; Set 2 OpenGGF primary name SOZSolidSprites","High for pointer target and table-selection annotation; no behavior claim","Differing table targets; document in audit, no label rename in pilot patch"
"$4A","Obj_Bumper","Obj_DEZFloatingPlatform","Set1: Obj_Bumper; Set2: Obj_DEZFloatingPlatform","Differing table targets; document in audit, no label rename in pilot patch","Pointer table entry in SK Set file(s); table selection code at sonic3k.asm loc_1B6A8 chooses Sprite_Listing3 or Sprite_ListingK by Current_zone; includes at sonic3k.asm Sprite_Listing3/Sprite_ListingK","Set 1 OpenGGF primary name Bumper; Set 2 OpenGGF primary name DEZFloatingPlatform","High for pointer target and table-selection annotation; no behavior claim","Differing table targets; document in audit, no label rename in pilot patch"
"$4B","Obj_CNZTriangleBumpers","Obj_DEZTiltingBridge","Set1: Obj_CNZTriangleBumpers; Set2: Obj_DEZTiltingBridge","Differing table targets; document in audit, no label rename in pilot patch","Pointer table entry in SK Set file(s); table selection code at sonic3k.asm loc_1B6A8 chooses Sprite_Listing3 or Sprite_ListingK by Current_zone; includes at sonic3k.asm Sprite_Listing3/Sprite_ListingK","Set 1 OpenGGF primary name CNZTriangleBumpers; Set 2 OpenGGF primary name DEZTiltingBridge","High for pointer target and table-selection annotation; no behavior claim","Differing table targets; document in audit, no label rename in pilot patch"
"$4C","Obj_CNZSpiralTube","Obj_DEZHangCarrier","Set1: Obj_CNZSpiralTube; Set2: Obj_DEZHangCarrier","Differing table targets; document in audit, no label rename in pilot patch","Pointer table entry in SK Set file(s); table selection code at sonic3k.asm loc_1B6A8 chooses Sprite_Listing3 or Sprite_ListingK by Current_zone; includes at sonic3k.asm Sprite_Listing3/Sprite_ListingK","Set 1 OpenGGF primary name CNZSpiralTube; Set 2 OpenGGF primary name DEZHangCarrier","High for pointer target and table-selection annotation; no behavior claim","Differing table targets; document in audit, no label rename in pilot patch"
"$4D","Obj_CNZBarberPoleSprite","Obj_DEZTorpedoLauncher","Set1: Obj_CNZBarberPoleSprite; Set2: Obj_DEZTorpedoLauncher","Differing table targets; document in audit, no label rename in pilot patch","Pointer table entry in SK Set file(s); table selection code at sonic3k.asm loc_1B6A8 chooses Sprite_Listing3 or Sprite_ListingK by Current_zone; includes at sonic3k.asm Sprite_Listing3/Sprite_ListingK","Set 1 OpenGGF primary name CNZBarberPoleSprite; Set 2 OpenGGF primary name DEZTorpedoLauncher","High for pointer target and table-selection annotation; no behavior claim","Differing table targets; document in audit, no label rename in pilot patch"
"$4E","Obj_CNZWireCage","Obj_DEZLiftPad","Set1: Obj_CNZWireCage; Set2: Obj_DEZLiftPad","Differing table targets; document in audit, no label rename in pilot patch","Pointer table entry in SK Set file(s); table selection code at sonic3k.asm loc_1B6A8 chooses Sprite_Listing3 or Sprite_ListingK by Current_zone; includes at sonic3k.asm Sprite_Listing3/Sprite_ListingK","Set 1 OpenGGF primary name CNZWireCage; Set 2 OpenGGF primary name DEZLiftPad","High for pointer target and table-selection annotation; no behavior claim","Differing table targets; document in audit, no label rename in pilot patch"
"$4F","Obj_SinkingMud","Obj_DEZStaircase","Set1: Obj_SinkingMud; Set2: Obj_DEZStaircase","Differing table targets; document in audit, no label rename in pilot patch","Pointer table entry in SK Set file(s); table selection code at sonic3k.asm loc_1B6A8 chooses Sprite_Listing3 or Sprite_ListingK by Current_zone; includes at sonic3k.asm Sprite_Listing3/Sprite_ListingK","Set 1 OpenGGF primary name SinkingMud; Set 2 OpenGGF primary name DEZStaircase","High for pointer target and table-selection annotation; no behavior claim","Differing table targets; document in audit, no label rename in pilot patch"
"$50","Obj_MGZTwistingLoop","Obj_DEZConveyorBelt","Set1: Obj_MGZTwistingLoop; Set2: Obj_DEZConveyorBelt","Differing table targets; document in audit, no label rename in pilot patch","Pointer table entry in SK Set file(s); table selection code at sonic3k.asm loc_1B6A8 chooses Sprite_Listing3 or Sprite_ListingK by Current_zone; includes at sonic3k.asm Sprite_Listing3/Sprite_ListingK","Set 1 OpenGGF primary name MGZTwistingLoop; Set 2 OpenGGF primary name DEZConveyorBelt","High for pointer target and table-selection annotation; no behavior claim","Differing table targets; document in audit, no label rename in pilot patch"
"$51","Obj_FloatingPlatform","Obj_FloatingPlatform","Set1: Obj_FloatingPlatform; Set2: Obj_FloatingPlatform","Keep target label; rely on table-level header/hex-ID guidance in pilot patch","Pointer table entry in SK Set file(s); table selection code at sonic3k.asm loc_1B6A8 chooses Sprite_Listing3 or Sprite_ListingK by Current_zone; includes at sonic3k.asm Sprite_Listing3/Sprite_ListingK","Set 1 OpenGGF primary name FloatingPlatform; Set 2 OpenGGF primary name FloatingPlatform","High for pointer target and table-selection annotation; no behavior claim","Keep target label; rely on table-level header/hex-ID guidance in pilot patch"
"$52","Obj_MGZLBZSmashingPillar","Obj_DEZLightning","Set1: Obj_MGZLBZSmashingPillar; Set2: Obj_DEZLightning","Differing table targets; document in audit, no label rename in pilot patch","Pointer table entry in SK Set file(s); table selection code at sonic3k.asm loc_1B6A8 chooses Sprite_Listing3 or Sprite_ListingK by Current_zone; includes at sonic3k.asm Sprite_Listing3/Sprite_ListingK","Set 1 OpenGGF primary name MGZSmashingPillar; Set 2 OpenGGF primary name DEZLightning","High for pointer target and table-selection annotation; no behavior claim","Differing table targets; document in audit, no label rename in pilot patch"
"$53","Obj_MGZSwingingPlatform","Obj_DEZConveyorPad","Set1: Obj_MGZSwingingPlatform; Set2: Obj_DEZConveyorPad","Differing table targets; document in audit, no label rename in pilot patch","Pointer table entry in SK Set file(s); table selection code at sonic3k.asm loc_1B6A8 chooses Sprite_Listing3 or Sprite_ListingK by Current_zone; includes at sonic3k.asm Sprite_Listing3/Sprite_ListingK","Set 1 OpenGGF primary name MGZSwingingPlatform; Set 2 OpenGGF primary name DEZConveyorPad","High for pointer target and table-selection annotation; no behavior claim","Differing table targets; document in audit, no label rename in pilot patch"
"$54","Obj_Bubbler","Obj_Bubbler","Set1: Obj_Bubbler; Set2: Obj_Bubbler","Keep target label; rely on table-level header/hex-ID guidance in pilot patch","Pointer table entry in SK Set file(s); table selection code at sonic3k.asm loc_1B6A8 chooses Sprite_Listing3 or Sprite_ListingK by Current_zone; includes at sonic3k.asm Sprite_Listing3/Sprite_ListingK","Set 1 OpenGGF primary name Bubbler; Set 2 OpenGGF primary name Bubbler","High for pointer target and table-selection annotation; no behavior claim","Keep target label; rely on table-level header/hex-ID guidance in pilot patch"
"$55","Obj_MGZHeadTrigger","Obj_DEZEnergyBridge","Set1: Obj_MGZHeadTrigger; Set2: Obj_DEZEnergyBridge","Differing table targets; document in audit, no label rename in pilot patch","Pointer table entry in SK Set file(s); table selection code at sonic3k.asm loc_1B6A8 chooses Sprite_Listing3 or Sprite_ListingK by Current_zone; includes at sonic3k.asm Sprite_Listing3/Sprite_ListingK","Set 1 OpenGGF primary name MGZHeadTrigger; Set 2 OpenGGF primary name DEZEnergyBridge","High for pointer target and table-selection annotation; no behavior claim","Differing table targets; document in audit, no label rename in pilot patch"
"$56","Obj_MGZMovingSpikePlatform","Obj_DEZEnergyBridgeCurved","Set1: Obj_MGZMovingSpikePlatform; Set2: Obj_DEZEnergyBridgeCurved","Differing table targets; document in audit, no label rename in pilot patch","Pointer table entry in SK Set file(s); table selection code at sonic3k.asm loc_1B6A8 chooses Sprite_Listing3 or Sprite_ListingK by Current_zone; includes at sonic3k.asm Sprite_Listing3/Sprite_ListingK","Set 1 OpenGGF primary name MGZMovingSpikePlatform; Set 2 OpenGGF primary name DEZEnergyBridgeCurved","High for pointer target and table-selection annotation; no behavior claim","Differing table targets; document in audit, no label rename in pilot patch"
"$57","Obj_MGZTriggerPlatform","Obj_DEZTunnelLauncher","Set1: Obj_MGZTriggerPlatform; Set2: Obj_DEZTunnelLauncher","Differing table targets; document in audit, no label rename in pilot patch","Pointer table entry in SK Set file(s); table selection code at sonic3k.asm loc_1B6A8 chooses Sprite_Listing3 or Sprite_ListingK by Current_zone; includes at sonic3k.asm Sprite_Listing3/Sprite_ListingK","Set 1 OpenGGF primary name MGZTriggerPlatform; Set 2 OpenGGF primary name DEZTunnelLauncher","High for pointer target and table-selection annotation; no behavior claim","Differing table targets; document in audit, no label rename in pilot patch"
"$58","Obj_MGZSwingingSpikeBall","Obj_DEZGravitySwitch","Set1: Obj_MGZSwingingSpikeBall; Set2: Obj_DEZGravitySwitch","Differing table targets; document in audit, no label rename in pilot patch","Pointer table entry in SK Set file(s); table selection code at sonic3k.asm loc_1B6A8 chooses Sprite_Listing3 or Sprite_ListingK by Current_zone; includes at sonic3k.asm Sprite_Listing3/Sprite_ListingK","Set 1 OpenGGF primary name MGZSwingingSpikeBall; Set 2 OpenGGF primary name DEZGravitySwitch","High for pointer target and table-selection annotation; no behavior claim","Differing table targets; document in audit, no label rename in pilot patch"
"$59","Obj_MGZDashTrigger","Obj_DEZTeleporter","Set1: Obj_MGZDashTrigger; Set2: Obj_DEZTeleporter","Differing table targets; document in audit, no label rename in pilot patch","Pointer table entry in SK Set file(s); table selection code at sonic3k.asm loc_1B6A8 chooses Sprite_Listing3 or Sprite_ListingK by Current_zone; includes at sonic3k.asm Sprite_Listing3/Sprite_ListingK","Set 1 OpenGGF primary name MGZDashTrigger; Set 2 OpenGGF primary name DEZTeleporter","High for pointer target and table-selection annotation; no behavior claim","Differing table targets; document in audit, no label rename in pilot patch"
"$5A","Obj_MGZPulley","Obj_DEZGravityTube","Set1: Obj_MGZPulley; Set2: Obj_DEZGravityTube","Differing table targets; document in audit, no label rename in pilot patch","Pointer table entry in SK Set file(s); table selection code at sonic3k.asm loc_1B6A8 chooses Sprite_Listing3 or Sprite_ListingK by Current_zone; includes at sonic3k.asm Sprite_Listing3/Sprite_ListingK","Set 1 OpenGGF primary name MGZPulley; Set 2 OpenGGF primary name DEZGravityTube","High for pointer target and table-selection annotation; no behavior claim","Differing table targets; document in audit, no label rename in pilot patch"
"$5B","Obj_MGZTopPlatform","Obj_DEZGravitySwap","Set1: Obj_MGZTopPlatform; Set2: Obj_DEZGravitySwap","Differing table targets; document in audit, no label rename in pilot patch","Pointer table entry in SK Set file(s); table selection code at sonic3k.asm loc_1B6A8 chooses Sprite_Listing3 or Sprite_ListingK by Current_zone; includes at sonic3k.asm Sprite_Listing3/Sprite_ListingK","Set 1 OpenGGF primary name MGZTopPlatform; Set 2 OpenGGF primary name DEZGravitySwap","High for pointer target and table-selection annotation; no behavior claim","Differing table targets; document in audit, no label rename in pilot patch"
"$5C","Obj_MGZTopLauncher","Obj_DEZGravityHub","Set1: Obj_MGZTopLauncher; Set2: Obj_DEZGravityHub","Differing table targets; document in audit, no label rename in pilot patch","Pointer table entry in SK Set file(s); table selection code at sonic3k.asm loc_1B6A8 chooses Sprite_Listing3 or Sprite_ListingK by Current_zone; includes at sonic3k.asm Sprite_Listing3/Sprite_ListingK","Set 1 OpenGGF primary name MGZTopLauncher; Set 2 OpenGGF primary name DEZGravityHub","High for pointer target and table-selection annotation; no behavior claim","Differing table targets; document in audit, no label rename in pilot patch"
"$5D","Obj_CGZTriangleBumpers","Obj_DEZRetractingSpring","Set1: Obj_CGZTriangleBumpers; Set2: Obj_DEZRetractingSpring","Differing table targets; document in audit, no label rename in pilot patch","Pointer table entry in SK Set file(s); table selection code at sonic3k.asm loc_1B6A8 chooses Sprite_Listing3 or Sprite_ListingK by Current_zone; includes at sonic3k.asm Sprite_Listing3/Sprite_ListingK","Set 1 OpenGGF primary name CGZTriangleBumpers; Set 2 OpenGGF primary name DEZRetractingSpring","High for pointer target and table-selection annotation; no behavior claim","Differing table targets; document in audit, no label rename in pilot patch"
"$5E","Obj_CGZBladePlatform","Obj_DEZHoverMachine","Set1: Obj_CGZBladePlatform; Set2: Obj_DEZHoverMachine","Differing table targets; document in audit, no label rename in pilot patch","Pointer table entry in SK Set file(s); table selection code at sonic3k.asm loc_1B6A8 chooses Sprite_Listing3 or Sprite_ListingK by Current_zone; includes at sonic3k.asm Sprite_Listing3/Sprite_ListingK","Set 1 OpenGGF primary name CGZBladePlatform; Set 2 OpenGGF primary name DEZHoverMachine","High for pointer target and table-selection annotation; no behavior claim","Differing table targets; document in audit, no label rename in pilot patch"
"$5F","Obj_2PRetractingSpring","Obj_DEZGravityRoom","Set1: Obj_2PRetractingSpring; Set2: Obj_DEZGravityRoom","Differing table targets; document in audit, no label rename in pilot patch","Pointer table entry in SK Set file(s); table selection code at sonic3k.asm loc_1B6A8 chooses Sprite_Listing3 or Sprite_ListingK by Current_zone; includes at sonic3k.asm Sprite_Listing3/Sprite_ListingK","Set 1 OpenGGF primary name 2PRetractingSpring; Set 2 OpenGGF primary name DEZGravityRoom","High for pointer target and table-selection annotation; no behavior claim","Differing table targets; document in audit, no label rename in pilot patch"
"$60","Obj_BPZElephantBlock","Obj_DEZBumperWall","Set1: Obj_BPZElephantBlock; Set2: Obj_DEZBumperWall","Differing table targets; document in audit, no label rename in pilot patch","Pointer table entry in SK Set file(s); table selection code at sonic3k.asm loc_1B6A8 chooses Sprite_Listing3 or Sprite_ListingK by Current_zone; includes at sonic3k.asm Sprite_Listing3/Sprite_ListingK","Set 1 OpenGGF primary name BPZElephantBlock; Set 2 OpenGGF primary name DEZBumperWall","High for pointer target and table-selection annotation; no behavior claim","Differing table targets; document in audit, no label rename in pilot patch"
"$61","Obj_BPZBalloon","Obj_DEZGravityPuzzle","Set1: Obj_BPZBalloon; Set2: Obj_DEZGravityPuzzle","Differing table targets; document in audit, no label rename in pilot patch","Pointer table entry in SK Set file(s); table selection code at sonic3k.asm loc_1B6A8 chooses Sprite_Listing3 or Sprite_ListingK by Current_zone; includes at sonic3k.asm Sprite_Listing3/Sprite_ListingK","Set 1 OpenGGF primary name BPZBalloon; Set 2 OpenGGF primary name DEZGravityPuzzle","High for pointer target and table-selection annotation; no behavior claim","Differing table targets; document in audit, no label rename in pilot patch"
"$62","Obj_DPZDisolvingSandBar","Obj_Ring","Set1: Obj_DPZDisolvingSandBar; Set2: Obj_Ring","Differing table targets; document in audit, no label rename in pilot patch","Pointer table entry in SK Set file(s); table selection code at sonic3k.asm loc_1B6A8 chooses Sprite_Listing3 or Sprite_ListingK by Current_zone; includes at sonic3k.asm Sprite_Listing3/Sprite_ListingK","Set 1 OpenGGF primary name DPZDisolvingSandBar; Set 2 not explicitly named in OpenGGF registry switch","High for pointer target and table-selection annotation; no behavior claim","Differing table targets; document in audit, no label rename in pilot patch"
"$63","Obj_DPZButton","Obj_Ring","Set1: Obj_DPZButton; Set2: Obj_Ring","Differing table targets; document in audit, no label rename in pilot patch","Pointer table entry in SK Set file(s); table selection code at sonic3k.asm loc_1B6A8 chooses Sprite_Listing3 or Sprite_ListingK by Current_zone; includes at sonic3k.asm Sprite_Listing3/Sprite_ListingK","Set 1 OpenGGF primary name DPZButton; Set 2 not explicitly named in OpenGGF registry switch","High for pointer target and table-selection annotation; no behavior claim","Differing table targets; document in audit, no label rename in pilot patch"
"$64","Obj_2PItem","Obj_Ring","Set1: Obj_2PItem; Set2: Obj_Ring","Differing table targets; document in audit, no label rename in pilot patch","Pointer table entry in SK Set file(s); table selection code at sonic3k.asm loc_1B6A8 chooses Sprite_Listing3 or Sprite_ListingK by Current_zone; includes at sonic3k.asm Sprite_Listing3/Sprite_ListingK","Set 1 OpenGGF primary name 2PItem; Set 2 not explicitly named in OpenGGF registry switch","High for pointer target and table-selection annotation; no behavior claim","Differing table targets; document in audit, no label rename in pilot patch"
"$65","Obj_2PGoalMarker","Obj_Ring","Set1: Obj_2PGoalMarker; Set2: Obj_Ring","Differing table targets; document in audit, no label rename in pilot patch","Pointer table entry in SK Set file(s); table selection code at sonic3k.asm loc_1B6A8 chooses Sprite_Listing3 or Sprite_ListingK by Current_zone; includes at sonic3k.asm Sprite_Listing3/Sprite_ListingK","Set 1 OpenGGF primary name 2PGoalMarker; Set 2 not explicitly named in OpenGGF registry switch","High for pointer target and table-selection annotation; no behavior claim","Differing table targets; document in audit, no label rename in pilot patch"
"$66","Obj_EMZDripper","Obj_Ring","Set1: Obj_EMZDripper; Set2: Obj_Ring","Differing table targets; document in audit, no label rename in pilot patch","Pointer table entry in SK Set file(s); table selection code at sonic3k.asm loc_1B6A8 chooses Sprite_Listing3 or Sprite_ListingK by Current_zone; includes at sonic3k.asm Sprite_Listing3/Sprite_ListingK","Set 1 OpenGGF primary name EMZDripper; Set 2 not explicitly named in OpenGGF registry switch","High for pointer target and table-selection annotation; no behavior claim","Differing table targets; document in audit, no label rename in pilot patch"
"$67","Obj_HCZSnakeBlocks","Obj_Ring","Set1: Obj_HCZSnakeBlocks; Set2: Obj_Ring","Differing table targets; document in audit, no label rename in pilot patch","Pointer table entry in SK Set file(s); table selection code at sonic3k.asm loc_1B6A8 chooses Sprite_Listing3 or Sprite_ListingK by Current_zone; includes at sonic3k.asm Sprite_Listing3/Sprite_ListingK","Set 1 OpenGGF primary name HCZSnakeBlocks; Set 2 not explicitly named in OpenGGF registry switch","High for pointer target and table-selection annotation; no behavior claim","Differing table targets; document in audit, no label rename in pilot patch"
"$68","Obj_HCZSpinningColumn","Obj_Ring","Set1: Obj_HCZSpinningColumn; Set2: Obj_Ring","Differing table targets; document in audit, no label rename in pilot patch","Pointer table entry in SK Set file(s); table selection code at sonic3k.asm loc_1B6A8 chooses Sprite_Listing3 or Sprite_ListingK by Current_zone; includes at sonic3k.asm Sprite_Listing3/Sprite_ListingK","Set 1 OpenGGF primary name HCZSpinningColumn; Set 2 not explicitly named in OpenGGF registry switch","High for pointer target and table-selection annotation; no behavior claim","Differing table targets; document in audit, no label rename in pilot patch"
"$69","Obj_HCZTwistingLoop","Obj_Ring","Set1: Obj_HCZTwistingLoop; Set2: Obj_Ring","Differing table targets; document in audit, no label rename in pilot patch","Pointer table entry in SK Set file(s); table selection code at sonic3k.asm loc_1B6A8 chooses Sprite_Listing3 or Sprite_ListingK by Current_zone; includes at sonic3k.asm Sprite_Listing3/Sprite_ListingK","Set 1 OpenGGF primary name HCZTwistingLoop; Set 2 not explicitly named in OpenGGF registry switch","High for pointer target and table-selection annotation; no behavior claim","Differing table targets; document in audit, no label rename in pilot patch"
"$6A","Obj_InvisibleHurtBlockHorizontal","Obj_InvisibleHurtBlockHorizontal","Set1: Obj_InvisibleHurtBlockHorizontal; Set2: Obj_InvisibleHurtBlockHorizontal","Keep target label; rely on table-level header/hex-ID guidance in pilot patch","Pointer table entry in SK Set file(s); table selection code at sonic3k.asm loc_1B6A8 chooses Sprite_Listing3 or Sprite_ListingK by Current_zone; includes at sonic3k.asm Sprite_Listing3/Sprite_ListingK","Set 1 OpenGGF primary name InvisibleHurtBlockH; Set 2 OpenGGF primary name InvisibleHurtBlockH","High for pointer target and table-selection annotation; no behavior claim","Keep target label; rely on table-level header/hex-ID guidance in pilot patch"
"$6B","Obj_InvisibleHurtBlockVertical","Obj_InvisibleHurtBlockVertical","Set1: Obj_InvisibleHurtBlockVertical; Set2: Obj_InvisibleHurtBlockVertical","Keep target label; rely on table-level header/hex-ID guidance in pilot patch","Pointer table entry in SK Set file(s); table selection code at sonic3k.asm loc_1B6A8 chooses Sprite_Listing3 or Sprite_ListingK by Current_zone; includes at sonic3k.asm Sprite_Listing3/Sprite_ListingK","Set 1 OpenGGF primary name InvisibleHurtBlockV; Set 2 OpenGGF primary name InvisibleHurtBlockV","High for pointer target and table-selection annotation; no behavior claim","Keep target label; rely on table-level header/hex-ID guidance in pilot patch"
"$6C","Obj_TensionBridge","Obj_TensionBridge","Set1: Obj_TensionBridge; Set2: Obj_TensionBridge","Keep target label; rely on table-level header/hex-ID guidance in pilot patch","Pointer table entry in SK Set file(s); table selection code at sonic3k.asm loc_1B6A8 chooses Sprite_Listing3 or Sprite_ListingK by Current_zone; includes at sonic3k.asm Sprite_Listing3/Sprite_ListingK","Set 1 OpenGGF primary name TensionBridge; Set 2 OpenGGF primary name TensionBridge","High for pointer target and table-selection annotation; no behavior claim","Keep target label; rely on table-level header/hex-ID guidance in pilot patch"
"$6D","Obj_HCZWaterSplash","Obj_InvisibleShockBlock","Set1: Obj_HCZWaterSplash; Set2: Obj_InvisibleShockBlock","Differing table targets; document in audit, no label rename in pilot patch","Pointer table entry in SK Set file(s); table selection code at sonic3k.asm loc_1B6A8 chooses Sprite_Listing3 or Sprite_ListingK by Current_zone; includes at sonic3k.asm Sprite_Listing3/Sprite_ListingK","Set 1 OpenGGF primary name HCZWaterSplash; Set 2 OpenGGF primary name InvisibleShockBlock","High for pointer target and table-selection annotation; no behavior claim","Differing table targets; document in audit, no label rename in pilot patch"
"$6E","Obj_WaterDrop","Obj_InvisibleLavaBlock","Set1: Obj_WaterDrop; Set2: Obj_InvisibleLavaBlock","Differing table targets; document in audit, no label rename in pilot patch","Pointer table entry in SK Set file(s); table selection code at sonic3k.asm loc_1B6A8 chooses Sprite_Listing3 or Sprite_ListingK by Current_zone; includes at sonic3k.asm Sprite_Listing3/Sprite_ListingK","Set 1 OpenGGF primary name WaterDrop; Set 2 OpenGGF primary name InvisibleLavaBlock","High for pointer target and table-selection annotation; no behavior claim","Differing table targets; document in audit, no label rename in pilot patch"
"$6F","Obj_FBZWireCage","Obj_Ring","Set1: Obj_FBZWireCage; Set2: Obj_Ring","Differing table targets; document in audit, no label rename in pilot patch","Pointer table entry in SK Set file(s); table selection code at sonic3k.asm loc_1B6A8 chooses Sprite_Listing3 or Sprite_ListingK by Current_zone; includes at sonic3k.asm Sprite_Listing3/Sprite_ListingK","Set 1 OpenGGF primary name FBZWireCage; Set 2 not explicitly named in OpenGGF registry switch","High for pointer target and table-selection annotation; no behavior claim","Differing table targets; document in audit, no label rename in pilot patch"
"$70","Obj_FBZWireCageStationary","Obj_Ring","Set1: Obj_FBZWireCageStationary; Set2: Obj_Ring","Differing table targets; document in audit, no label rename in pilot patch","Pointer table entry in SK Set file(s); table selection code at sonic3k.asm loc_1B6A8 chooses Sprite_Listing3 or Sprite_ListingK by Current_zone; includes at sonic3k.asm Sprite_Listing3/Sprite_ListingK","Set 1 OpenGGF primary name FBZWireCageStationary; Set 2 not explicitly named in OpenGGF registry switch","High for pointer target and table-selection annotation; no behavior claim","Differing table targets; document in audit, no label rename in pilot patch"
"$71","Obj_FBZFloatingPlatform","Obj_Ring","Set1: Obj_FBZFloatingPlatform; Set2: Obj_Ring","Differing table targets; document in audit, no label rename in pilot patch","Pointer table entry in SK Set file(s); table selection code at sonic3k.asm loc_1B6A8 chooses Sprite_Listing3 or Sprite_ListingK by Current_zone; includes at sonic3k.asm Sprite_Listing3/Sprite_ListingK","Set 1 OpenGGF primary name FBZFloatingPlatform; Set 2 not explicitly named in OpenGGF registry switch","High for pointer target and table-selection annotation; no behavior claim","Differing table targets; document in audit, no label rename in pilot patch"
"$72","Obj_FBZChainLink","Obj_Ring","Set1: Obj_FBZChainLink; Set2: Obj_Ring","Differing table targets; document in audit, no label rename in pilot patch","Pointer table entry in SK Set file(s); table selection code at sonic3k.asm loc_1B6A8 chooses Sprite_Listing3 or Sprite_ListingK by Current_zone; includes at sonic3k.asm Sprite_Listing3/Sprite_ListingK","Set 1 OpenGGF primary name FBZChainLink; Set 2 not explicitly named in OpenGGF registry switch","High for pointer target and table-selection annotation; no behavior claim","Differing table targets; document in audit, no label rename in pilot patch"
"$73","Obj_FBZMagneticSpikeBall","Obj_Ring","Set1: Obj_FBZMagneticSpikeBall; Set2: Obj_Ring","Differing table targets; document in audit, no label rename in pilot patch","Pointer table entry in SK Set file(s); table selection code at sonic3k.asm loc_1B6A8 chooses Sprite_Listing3 or Sprite_ListingK by Current_zone; includes at sonic3k.asm Sprite_Listing3/Sprite_ListingK","Set 1 OpenGGF primary name FBZMagneticSpikeBall; Set 2 not explicitly named in OpenGGF registry switch","High for pointer target and table-selection annotation; no behavior claim","Differing table targets; document in audit, no label rename in pilot patch"
"$74","Obj_FBZMagneticPlatform","Obj_SSZRetractingSpring","Set1: Obj_FBZMagneticPlatform; Set2: Obj_SSZRetractingSpring","Differing table targets; document in audit, no label rename in pilot patch","Pointer table entry in SK Set file(s); table selection code at sonic3k.asm loc_1B6A8 chooses Sprite_Listing3 or Sprite_ListingK by Current_zone; includes at sonic3k.asm Sprite_Listing3/Sprite_ListingK","Set 1 OpenGGF primary name FBZMagneticPlatform; Set 2 OpenGGF primary name SSZRetractingSpring","High for pointer target and table-selection annotation; no behavior claim","Differing table targets; document in audit, no label rename in pilot patch"
"$75","Obj_FBZSnakePlatform","Obj_SSZSwingingCarrier","Set1: Obj_FBZSnakePlatform; Set2: Obj_SSZSwingingCarrier","Differing table targets; document in audit, no label rename in pilot patch","Pointer table entry in SK Set file(s); table selection code at sonic3k.asm loc_1B6A8 chooses Sprite_Listing3 or Sprite_ListingK by Current_zone; includes at sonic3k.asm Sprite_Listing3/Sprite_ListingK","Set 1 OpenGGF primary name FBZSnakePlatform; Set 2 OpenGGF primary name SSZSwingingCarrier","High for pointer target and table-selection annotation; no behavior claim","Differing table targets; document in audit, no label rename in pilot patch"
"$76","Obj_FBZBentPipe","Obj_SSZRotatingPlatform","Set1: Obj_FBZBentPipe; Set2: Obj_SSZRotatingPlatform","Differing table targets; document in audit, no label rename in pilot patch","Pointer table entry in SK Set file(s); table selection code at sonic3k.asm loc_1B6A8 chooses Sprite_Listing3 or Sprite_ListingK by Current_zone; includes at sonic3k.asm Sprite_Listing3/Sprite_ListingK","Set 1 OpenGGF primary name FBZBentPipe; Set 2 OpenGGF primary name SSZRotatingPlatform","High for pointer target and table-selection annotation; no behavior claim","Differing table targets; document in audit, no label rename in pilot patch"
"$77","Obj_FBZRotatingPlatform","Obj_SSZCutsceneBridge","Set1: Obj_FBZRotatingPlatform; Set2: Obj_SSZCutsceneBridge","Differing table targets; document in audit, no label rename in pilot patch","Pointer table entry in SK Set file(s); table selection code at sonic3k.asm loc_1B6A8 chooses Sprite_Listing3 or Sprite_ListingK by Current_zone; includes at sonic3k.asm Sprite_Listing3/Sprite_ListingK","Set 1 OpenGGF primary name FBZRotatingPlatform; Set 2 OpenGGF primary name SSZCutsceneBridge","High for pointer target and table-selection annotation; no behavior claim","Differing table targets; document in audit, no label rename in pilot patch"
"$78","Obj_FBZDEZPlayerLauncher","Obj_FBZDEZPlayerLauncher","Set1: Obj_FBZDEZPlayerLauncher; Set2: Obj_FBZDEZPlayerLauncher","Keep target label; rely on table-level header/hex-ID guidance in pilot patch","Pointer table entry in SK Set file(s); table selection code at sonic3k.asm loc_1B6A8 chooses Sprite_Listing3 or Sprite_ListingK by Current_zone; includes at sonic3k.asm Sprite_Listing3/Sprite_ListingK","Set 1 OpenGGF primary name FBZDEZPlayerLauncher; Set 2 OpenGGF primary name FBZDEZPlayerLauncher","High for pointer target and table-selection annotation; no behavior claim","Keep target label; rely on table-level header/hex-ID guidance in pilot patch"
"$79","Obj_FBZDisappearingPlatform","Obj_SSZHPZTeleporter","Set1: Obj_FBZDisappearingPlatform; Set2: Obj_SSZHPZTeleporter","Differing table targets; document in audit, no label rename in pilot patch","Pointer table entry in SK Set file(s); table selection code at sonic3k.asm loc_1B6A8 chooses Sprite_Listing3 or Sprite_ListingK by Current_zone; includes at sonic3k.asm Sprite_Listing3/Sprite_ListingK","Set 1 OpenGGF primary name FBZDisappearingPlatform; Set 2 OpenGGF primary name SSZHPZTeleporter","High for pointer target and table-selection annotation; no behavior claim","Differing table targets; document in audit, no label rename in pilot patch"
"$7A","Obj_FBZScrewDoor","Obj_SSZElevatorBar","Set1: Obj_FBZScrewDoor; Set2: Obj_SSZElevatorBar","Differing table targets; document in audit, no label rename in pilot patch","Pointer table entry in SK Set file(s); table selection code at sonic3k.asm loc_1B6A8 chooses Sprite_Listing3 or Sprite_ListingK by Current_zone; includes at sonic3k.asm Sprite_Listing3/Sprite_ListingK","Set 1 OpenGGF primary name FBZScrewDoor; Set 2 OpenGGF primary name SSZElevatorBar","High for pointer target and table-selection annotation; no behavior claim","Differing table targets; document in audit, no label rename in pilot patch"
"$7B","Obj_FBZSpinningPole","Obj_SSZCollapsingBridgeDiagonal","Set1: Obj_FBZSpinningPole; Set2: Obj_SSZCollapsingBridgeDiagonal","Differing table targets; document in audit, no label rename in pilot patch","Pointer table entry in SK Set file(s); table selection code at sonic3k.asm loc_1B6A8 chooses Sprite_Listing3 or Sprite_ListingK by Current_zone; includes at sonic3k.asm Sprite_Listing3/Sprite_ListingK","Set 1 OpenGGF primary name FBZSpinningPole; Set 2 OpenGGF primary name SSZCollapsingBridgeDiagonal","High for pointer target and table-selection annotation; no behavior claim","Differing table targets; document in audit, no label rename in pilot patch"
"$7C","Obj_FBZPropeller","Obj_SSZCollapsingBridge","Set1: Obj_FBZPropeller; Set2: Obj_SSZCollapsingBridge","Differing table targets; document in audit, no label rename in pilot patch","Pointer table entry in SK Set file(s); table selection code at sonic3k.asm loc_1B6A8 chooses Sprite_Listing3 or Sprite_ListingK by Current_zone; includes at sonic3k.asm Sprite_Listing3/Sprite_ListingK","Set 1 OpenGGF primary name FBZPropeller; Set 2 OpenGGF primary name SSZCollapsingBridge","High for pointer target and table-selection annotation; no behavior claim","Differing table targets; document in audit, no label rename in pilot patch"
"$7D","Obj_FBZPiston","Obj_SSZBouncyCloud","Set1: Obj_FBZPiston; Set2: Obj_SSZBouncyCloud","Differing table targets; document in audit, no label rename in pilot patch","Pointer table entry in SK Set file(s); table selection code at sonic3k.asm loc_1B6A8 chooses Sprite_Listing3 or Sprite_ListingK by Current_zone; includes at sonic3k.asm Sprite_Listing3/Sprite_ListingK","Set 1 OpenGGF primary name FBZPiston; Set 2 OpenGGF primary name SSZBouncyCloud","High for pointer target and table-selection annotation; no behavior claim","Differing table targets; document in audit, no label rename in pilot patch"
"$7E","Obj_FBZPlatformBlocks","Obj_SSZCollapsingColumn","Set1: Obj_FBZPlatformBlocks; Set2: Obj_SSZCollapsingColumn","Differing table targets; document in audit, no label rename in pilot patch","Pointer table entry in SK Set file(s); table selection code at sonic3k.asm loc_1B6A8 chooses Sprite_Listing3 or Sprite_ListingK by Current_zone; includes at sonic3k.asm Sprite_Listing3/Sprite_ListingK","Set 1 OpenGGF primary name FBZPlatformBlocks; Set 2 OpenGGF primary name SSZCollapsingColumn","High for pointer target and table-selection annotation; no behavior claim","Differing table targets; document in audit, no label rename in pilot patch"
"$7F","Obj_FBZMissileLauncher","Obj_SSZFloatingPlatform","Set1: Obj_FBZMissileLauncher; Set2: Obj_SSZFloatingPlatform","Differing table targets; document in audit, no label rename in pilot patch","Pointer table entry in SK Set file(s); table selection code at sonic3k.asm loc_1B6A8 chooses Sprite_Listing3 or Sprite_ListingK by Current_zone; includes at sonic3k.asm Sprite_Listing3/Sprite_ListingK","Set 1 OpenGGF primary name FBZMissileLauncher; Set 2 OpenGGF primary name SSZFloatingPlatform","High for pointer target and table-selection annotation; no behavior claim","Differing table targets; document in audit, no label rename in pilot patch"
"$80","Obj_HiddenMonitor","Obj_HiddenMonitor","Set1: Obj_HiddenMonitor; Set2: Obj_HiddenMonitor","Keep target label; rely on table-level header/hex-ID guidance in pilot patch","Pointer table entry in SK Set file(s); table selection code at sonic3k.asm loc_1B6A8 chooses Sprite_Listing3 or Sprite_ListingK by Current_zone; includes at sonic3k.asm Sprite_Listing3/Sprite_ListingK","Set 1 OpenGGF primary name HiddenMonitor; Set 2 OpenGGF primary name HiddenMonitor","High for pointer target and table-selection annotation; no behavior claim","Keep target label; rely on table-level header/hex-ID guidance in pilot patch"
"$81","Obj_EggCapsule","Obj_EggCapsule","Set1: Obj_EggCapsule; Set2: Obj_EggCapsule","Keep target label; rely on table-level header/hex-ID guidance in pilot patch","Pointer table entry in SK Set file(s); table selection code at sonic3k.asm loc_1B6A8 chooses Sprite_Listing3 or Sprite_ListingK by Current_zone; includes at sonic3k.asm Sprite_Listing3/Sprite_ListingK","Set 1 OpenGGF primary name EggCapsule; Set 2 OpenGGF primary name EggCapsule","High for pointer target and table-selection annotation; no behavior claim","Keep target label; rely on table-level header/hex-ID guidance in pilot patch"
"$82","Obj_CutsceneKnuckles","Obj_CutsceneKnuckles","Set1: Obj_CutsceneKnuckles; Set2: Obj_CutsceneKnuckles","Keep target label; rely on table-level header/hex-ID guidance in pilot patch","Pointer table entry in SK Set file(s); table selection code at sonic3k.asm loc_1B6A8 chooses Sprite_Listing3 or Sprite_ListingK by Current_zone; includes at sonic3k.asm Sprite_Listing3/Sprite_ListingK","Set 1 OpenGGF primary name CutsceneKnuckles; Set 2 OpenGGF primary name CutsceneKnuckles","High for pointer target and table-selection annotation; no behavior claim","Keep target label; rely on table-level header/hex-ID guidance in pilot patch"
"$83","Obj_CutsceneButton","Obj_CutsceneButton","Set1: Obj_CutsceneButton; Set2: Obj_CutsceneButton","Keep target label; rely on table-level header/hex-ID guidance in pilot patch","Pointer table entry in SK Set file(s); table selection code at sonic3k.asm loc_1B6A8 chooses Sprite_Listing3 or Sprite_ListingK by Current_zone; includes at sonic3k.asm Sprite_Listing3/Sprite_ListingK","Set 1 OpenGGF primary name CutsceneButton; Set 2 OpenGGF primary name CutsceneButton","High for pointer target and table-selection annotation; no behavior claim","Keep target label; rely on table-level header/hex-ID guidance in pilot patch"
"$84","Obj_AIZPlaneIntro","Obj_AIZPlaneIntro","Set1: Obj_AIZPlaneIntro; Set2: Obj_AIZPlaneIntro","Keep target label; rely on table-level header/hex-ID guidance in pilot patch","Pointer table entry in SK Set file(s); table selection code at sonic3k.asm loc_1B6A8 chooses Sprite_Listing3 or Sprite_ListingK by Current_zone; includes at sonic3k.asm Sprite_Listing3/Sprite_ListingK","Set 1 OpenGGF primary name AIZPlaneIntro; Set 2 OpenGGF primary name AIZPlaneIntro","High for pointer target and table-selection annotation; no behavior claim","Keep target label; rely on table-level header/hex-ID guidance in pilot patch"
"$85","Obj_SSEntryRing","Obj_SSEntryRing","Set1: Obj_SSEntryRing; Set2: Obj_SSEntryRing","Keep target label; rely on table-level header/hex-ID guidance in pilot patch","Pointer table entry in SK Set file(s); table selection code at sonic3k.asm loc_1B6A8 chooses Sprite_Listing3 or Sprite_ListingK by Current_zone; includes at sonic3k.asm Sprite_Listing3/Sprite_ListingK","Set 1 OpenGGF primary name SSEntryRing; Set 2 OpenGGF primary name SSEntryRing","High for pointer target and table-selection annotation; no behavior claim","Keep target label; rely on table-level header/hex-ID guidance in pilot patch"
"$86","Obj_GumballMachine","Obj_GumballMachine","Set1: Obj_GumballMachine; Set2: Obj_GumballMachine","Keep target label; rely on table-level header/hex-ID guidance in pilot patch","Pointer table entry in SK Set file(s); table selection code at sonic3k.asm loc_1B6A8 chooses Sprite_Listing3 or Sprite_ListingK by Current_zone; includes at sonic3k.asm Sprite_Listing3/Sprite_ListingK","Set 1 OpenGGF primary name GumballMachine; Set 2 OpenGGF primary name GumballMachine","High for pointer target and table-selection annotation; no behavior claim","Keep target label; rely on table-level header/hex-ID guidance in pilot patch"
"$87","Obj_GumballTriangleBumper","Obj_GumballTriangleBumper","Set1: Obj_GumballTriangleBumper; Set2: Obj_GumballTriangleBumper","Keep target label; rely on table-level header/hex-ID guidance in pilot patch","Pointer table entry in SK Set file(s); table selection code at sonic3k.asm loc_1B6A8 chooses Sprite_Listing3 or Sprite_ListingK by Current_zone; includes at sonic3k.asm Sprite_Listing3/Sprite_ListingK","Set 1 OpenGGF primary name GumballTriangleBumper; Set 2 OpenGGF primary name GumballTriangleBumper","High for pointer target and table-selection annotation; no behavior claim","Keep target label; rely on table-level header/hex-ID guidance in pilot patch"
"$88","Obj_CNZWaterLevelCorkFloor","Obj_CNZWaterLevelCorkFloor","Set1: Obj_CNZWaterLevelCorkFloor; Set2: Obj_CNZWaterLevelCorkFloor","Keep target label; rely on table-level header/hex-ID guidance in pilot patch","Pointer table entry in SK Set file(s); table selection code at sonic3k.asm loc_1B6A8 chooses Sprite_Listing3 or Sprite_ListingK by Current_zone; includes at sonic3k.asm Sprite_Listing3/Sprite_ListingK","Set 1 OpenGGF primary name CNZWaterLevelCorkFloor; Set 2 OpenGGF primary name CNZWaterLevelCorkFloor","High for pointer target and table-selection annotation; no behavior claim","Keep target label; rely on table-level header/hex-ID guidance in pilot patch"
"$89","Obj_CNZWaterLevelButton","Obj_CNZWaterLevelButton","Set1: Obj_CNZWaterLevelButton; Set2: Obj_CNZWaterLevelButton","Keep target label; rely on table-level header/hex-ID guidance in pilot patch","Pointer table entry in SK Set file(s); table selection code at sonic3k.asm loc_1B6A8 chooses Sprite_Listing3 or Sprite_ListingK by Current_zone; includes at sonic3k.asm Sprite_Listing3/Sprite_ListingK","Set 1 OpenGGF primary name CNZWaterLevelButton; Set 2 OpenGGF primary name CNZWaterLevelButton","High for pointer target and table-selection annotation; no behavior claim","Keep target label; rely on table-level header/hex-ID guidance in pilot patch"
"$8A","Obj_FBZExitHall","Obj_FBZExitHall","Set1: Obj_FBZExitHall; Set2: Obj_FBZExitHall","Keep target label; rely on table-level header/hex-ID guidance in pilot patch","Pointer table entry in SK Set file(s); table selection code at sonic3k.asm loc_1B6A8 chooses Sprite_Listing3 or Sprite_ListingK by Current_zone; includes at sonic3k.asm Sprite_Listing3/Sprite_ListingK","Set 1 OpenGGF primary name FBZExitHall; Set 2 OpenGGF primary name FBZExitHall","High for pointer target and table-selection annotation; no behavior claim","Keep target label; rely on table-level header/hex-ID guidance in pilot patch"
"$8B","Obj_SpriteMask","Obj_SpriteMask","Set1: Obj_SpriteMask; Set2: Obj_SpriteMask","Keep target label; rely on table-level header/hex-ID guidance in pilot patch","Pointer table entry in SK Set file(s); table selection code at sonic3k.asm loc_1B6A8 chooses Sprite_Listing3 or Sprite_ListingK by Current_zone; includes at sonic3k.asm Sprite_Listing3/Sprite_ListingK","Set 1 OpenGGF primary name SpriteMask; Set 2 OpenGGF primary name SpriteMask","High for pointer target and table-selection annotation; no behavior claim","Keep target label; rely on table-level header/hex-ID guidance in pilot patch"
"$8C","Obj_Bloominator","Obj_Madmole","Set1: Obj_Bloominator; Set2: Obj_Madmole","Differing table targets; document in audit, no label rename in pilot patch","Pointer table entry in SK Set file(s); table selection code at sonic3k.asm loc_1B6A8 chooses Sprite_Listing3 or Sprite_ListingK by Current_zone; includes at sonic3k.asm Sprite_Listing3/Sprite_ListingK","Set 1 OpenGGF primary name Bloominator; Set 2 OpenGGF primary name Madmole","High for pointer target and table-selection annotation; no behavior claim","Differing table targets; document in audit, no label rename in pilot patch"
"$8D","Obj_Rhinobot","Obj_Mushmeanie","Set1: Obj_Rhinobot; Set2: Obj_Mushmeanie","Differing table targets; document in audit, no label rename in pilot patch","Pointer table entry in SK Set file(s); table selection code at sonic3k.asm loc_1B6A8 chooses Sprite_Listing3 or Sprite_ListingK by Current_zone; includes at sonic3k.asm Sprite_Listing3/Sprite_ListingK","Set 1 OpenGGF primary name Rhinobot; Set 2 OpenGGF primary name Mushmeanie","High for pointer target and table-selection annotation; no behavior claim","Differing table targets; document in audit, no label rename in pilot patch"
"$8E","Obj_MonkeyDude","Obj_Dragonfly","Set1: Obj_MonkeyDude; Set2: Obj_Dragonfly","Differing table targets; document in audit, no label rename in pilot patch","Pointer table entry in SK Set file(s); table selection code at sonic3k.asm loc_1B6A8 chooses Sprite_Listing3 or Sprite_ListingK by Current_zone; includes at sonic3k.asm Sprite_Listing3/Sprite_ListingK","Set 1 OpenGGF primary name MonkeyDude; Set 2 OpenGGF primary name Dragonfly","High for pointer target and table-selection annotation; no behavior claim","Differing table targets; document in audit, no label rename in pilot patch"
"$8F","Obj_CaterKillerJr","Obj_Butterdroid","Set1: Obj_CaterKillerJr; Set2: Obj_Butterdroid","Differing table targets; document in audit, no label rename in pilot patch","Pointer table entry in SK Set file(s); table selection code at sonic3k.asm loc_1B6A8 chooses Sprite_Listing3 or Sprite_ListingK by Current_zone; includes at sonic3k.asm Sprite_Listing3/Sprite_ListingK","Set 1 OpenGGF primary name CaterKillerJr; Set 2 OpenGGF primary name Butterdroid","High for pointer target and table-selection annotation; no behavior claim","Differing table targets; document in audit, no label rename in pilot patch"
"$90","Obj_AIZMinibossCutscene","Obj_Cluckoid","Set1: Obj_AIZMinibossCutscene; Set2: Obj_Cluckoid","Differing table targets; document in audit, no label rename in pilot patch","Pointer table entry in SK Set file(s); table selection code at sonic3k.asm loc_1B6A8 chooses Sprite_Listing3 or Sprite_ListingK by Current_zone; includes at sonic3k.asm Sprite_Listing3/Sprite_ListingK","Set 1 OpenGGF primary name AIZMinibossCutscene; Set 2 OpenGGF primary name Cluckoid","High for pointer target and table-selection annotation; no behavior claim","Differing table targets; document in audit, no label rename in pilot patch"
"$91","Obj_AIZMiniboss","Obj_MHZMinibossTree","Set1: Obj_AIZMiniboss; Set2: Obj_MHZMinibossTree","Differing table targets; document in audit, no label rename in pilot patch","Pointer table entry in SK Set file(s); table selection code at sonic3k.asm loc_1B6A8 chooses Sprite_Listing3 or Sprite_ListingK by Current_zone; includes at sonic3k.asm Sprite_Listing3/Sprite_ListingK","Set 1 OpenGGF primary name AIZMiniboss; Set 2 OpenGGF primary name MHZMinibossTree","High for pointer target and table-selection annotation; no behavior claim","Differing table targets; document in audit, no label rename in pilot patch"
"$92","Obj_AIZEndBoss","Obj_MHZMiniboss","Set1: Obj_AIZEndBoss; Set2: Obj_MHZMiniboss","Differing table targets; document in audit, no label rename in pilot patch","Pointer table entry in SK Set file(s); table selection code at sonic3k.asm loc_1B6A8 chooses Sprite_Listing3 or Sprite_ListingK by Current_zone; includes at sonic3k.asm Sprite_Listing3/Sprite_ListingK","Set 1 OpenGGF primary name AIZEndBoss; Set 2 OpenGGF primary name MHZMiniboss","High for pointer target and table-selection annotation; no behavior claim","Differing table targets; document in audit, no label rename in pilot patch"
"$93","Obj_Jawz","Obj_MHZEndBoss","Set1: Obj_Jawz; Set2: Obj_MHZEndBoss","Differing table targets; document in audit, no label rename in pilot patch","Pointer table entry in SK Set file(s); table selection code at sonic3k.asm loc_1B6A8 chooses Sprite_Listing3 or Sprite_ListingK by Current_zone; includes at sonic3k.asm Sprite_Listing3/Sprite_ListingK","Set 1 OpenGGF primary name Jawz; Set 2 OpenGGF primary name MHZEndBoss","High for pointer target and table-selection annotation; no behavior claim","Differing table targets; document in audit, no label rename in pilot patch"
"$94","Obj_Blastoid","Obj_Skorp","Set1: Obj_Blastoid; Set2: Obj_Skorp","Differing table targets; document in audit, no label rename in pilot patch","Pointer table entry in SK Set file(s); table selection code at sonic3k.asm loc_1B6A8 chooses Sprite_Listing3 or Sprite_ListingK by Current_zone; includes at sonic3k.asm Sprite_Listing3/Sprite_ListingK","Set 1 OpenGGF primary name Blastoid; Set 2 OpenGGF primary name Skorp","High for pointer target and table-selection annotation; no behavior claim","Differing table targets; document in audit, no label rename in pilot patch"
"$95","Obj_Buggernaut","Obj_Sandworm","Set1: Obj_Buggernaut; Set2: Obj_Sandworm","Differing table targets; document in audit, no label rename in pilot patch","Pointer table entry in SK Set file(s); table selection code at sonic3k.asm loc_1B6A8 chooses Sprite_Listing3 or Sprite_ListingK by Current_zone; includes at sonic3k.asm Sprite_Listing3/Sprite_ListingK","Set 1 OpenGGF primary name Buggernaut; Set 2 OpenGGF primary name Sandworm","High for pointer target and table-selection annotation; no behavior claim","Differing table targets; document in audit, no label rename in pilot patch"
"$96","Obj_TurboSpiker","Obj_Rockn","Set1: Obj_TurboSpiker; Set2: Obj_Rockn","Differing table targets; document in audit, no label rename in pilot patch","Pointer table entry in SK Set file(s); table selection code at sonic3k.asm loc_1B6A8 chooses Sprite_Listing3 or Sprite_ListingK by Current_zone; includes at sonic3k.asm Sprite_Listing3/Sprite_ListingK","Set 1 OpenGGF primary name TurboSpiker; Set 2 OpenGGF primary name Rockn","High for pointer target and table-selection annotation; no behavior claim","Differing table targets; document in audit, no label rename in pilot patch"
"$97","Obj_MegaChopper","Obj_SOZMiniboss","Set1: Obj_MegaChopper; Set2: Obj_SOZMiniboss","Differing table targets; document in audit, no label rename in pilot patch","Pointer table entry in SK Set file(s); table selection code at sonic3k.asm loc_1B6A8 chooses Sprite_Listing3 or Sprite_ListingK by Current_zone; includes at sonic3k.asm Sprite_Listing3/Sprite_ListingK","Set 1 OpenGGF primary name MegaChopper; Set 2 OpenGGF primary name SOZMiniboss","High for pointer target and table-selection annotation; no behavior claim","Differing table targets; document in audit, no label rename in pilot patch"
"$98","Obj_Poindexter","Obj_SOZEndBoss","Set1: Obj_Poindexter; Set2: Obj_SOZEndBoss","Differing table targets; document in audit, no label rename in pilot patch","Pointer table entry in SK Set file(s); table selection code at sonic3k.asm loc_1B6A8 chooses Sprite_Listing3 or Sprite_ListingK by Current_zone; includes at sonic3k.asm Sprite_Listing3/Sprite_ListingK","Set 1 OpenGGF primary name Poindexter; Set 2 OpenGGF primary name SOZEndBoss","High for pointer target and table-selection annotation; no behavior claim","Differing table targets; document in audit, no label rename in pilot patch"
"$99","Obj_HCZMiniboss","Obj_Fireworm","Set1: Obj_HCZMiniboss; Set2: Obj_Fireworm","Differing table targets; document in audit, no label rename in pilot patch","Pointer table entry in SK Set file(s); table selection code at sonic3k.asm loc_1B6A8 chooses Sprite_Listing3 or Sprite_ListingK by Current_zone; includes at sonic3k.asm Sprite_Listing3/Sprite_ListingK","Set 1 OpenGGF primary name HCZMiniboss; Set 2 OpenGGF primary name Fireworm","High for pointer target and table-selection annotation; no behavior claim","Differing table targets; document in audit, no label rename in pilot patch"
"$9A","Obj_HCZEndBoss","Obj_Iwamodoki","Set1: Obj_HCZEndBoss; Set2: Obj_Iwamodoki","Differing table targets; document in audit, no label rename in pilot patch","Pointer table entry in SK Set file(s); table selection code at sonic3k.asm loc_1B6A8 chooses Sprite_Listing3 or Sprite_ListingK by Current_zone; includes at sonic3k.asm Sprite_Listing3/Sprite_ListingK","Set 1 OpenGGF primary name HCZEndBoss; Set 2 OpenGGF primary name Iwamodoki","High for pointer target and table-selection annotation; no behavior claim","Differing table targets; document in audit, no label rename in pilot patch"
"$9B","Obj_BubblesBadnik","Obj_Toxomister","Set1: Obj_BubblesBadnik; Set2: Obj_Toxomister","Differing table targets; document in audit, no label rename in pilot patch","Pointer table entry in SK Set file(s); table selection code at sonic3k.asm loc_1B6A8 chooses Sprite_Listing3 or Sprite_ListingK by Current_zone; includes at sonic3k.asm Sprite_Listing3/Sprite_ListingK","Set 1 OpenGGF primary name BubblesBadnik; Set 2 OpenGGF primary name Toxomister","High for pointer target and table-selection annotation; no behavior claim","Differing table targets; document in audit, no label rename in pilot patch"
"$9C","Obj_Spiker","Obj_LRZRockCrusher","Set1: Obj_Spiker; Set2: Obj_LRZRockCrusher","Differing table targets; document in audit, no label rename in pilot patch","Pointer table entry in SK Set file(s); table selection code at sonic3k.asm loc_1B6A8 chooses Sprite_Listing3 or Sprite_ListingK by Current_zone; includes at sonic3k.asm Sprite_Listing3/Sprite_ListingK","Set 1 OpenGGF primary name Spiker; Set 2 OpenGGF primary name LRZRockCrusher","High for pointer target and table-selection annotation; no behavior claim","Differing table targets; document in audit, no label rename in pilot patch"
"$9D","Obj_Mantis","Obj_LRZMiniboss","Set1: Obj_Mantis; Set2: Obj_LRZMiniboss","Differing table targets; document in audit, no label rename in pilot patch","Pointer table entry in SK Set file(s); table selection code at sonic3k.asm loc_1B6A8 chooses Sprite_Listing3 or Sprite_ListingK by Current_zone; includes at sonic3k.asm Sprite_Listing3/Sprite_ListingK","Set 1 OpenGGF primary name Mantis; Set 2 OpenGGF primary name LRZMiniboss","High for pointer target and table-selection annotation; no behavior claim","Differing table targets; document in audit, no label rename in pilot patch"
"$9E","Obj_Tunnelbot","Obj_LRZ3Autoscroll","Set1: Obj_Tunnelbot; Set2: Obj_LRZ3Autoscroll","Differing table targets; document in audit, no label rename in pilot patch","Pointer table entry in SK Set file(s); table selection code at sonic3k.asm loc_1B6A8 chooses Sprite_Listing3 or Sprite_ListingK by Current_zone; includes at sonic3k.asm Sprite_Listing3/Sprite_ListingK","Set 1 OpenGGF primary name Tunnelbot; Set 2 OpenGGF primary name LRZ3Autoscroll","High for pointer target and table-selection annotation; no behavior claim","Differing table targets; document in audit, no label rename in pilot patch"
"$9F","Obj_MGZMiniboss","Obj_Ring","Set1: Obj_MGZMiniboss; Set2: Obj_Ring","Differing table targets; document in audit, no label rename in pilot patch","Pointer table entry in SK Set file(s); table selection code at sonic3k.asm loc_1B6A8 chooses Sprite_Listing3 or Sprite_ListingK by Current_zone; includes at sonic3k.asm Sprite_Listing3/Sprite_ListingK","Set 1 OpenGGF primary name MGZMiniboss; Set 2 not explicitly named in OpenGGF registry switch","High for pointer target and table-selection annotation; no behavior claim","Differing table targets; document in audit, no label rename in pilot patch"
"$A0","Obj_MGZ2DrillingRobotnik","Obj_EggRobo","Set1: Obj_MGZ2DrillingRobotnik; Set2: Obj_EggRobo","Differing table targets; document in audit, no label rename in pilot patch","Pointer table entry in SK Set file(s); table selection code at sonic3k.asm loc_1B6A8 chooses Sprite_Listing3 or Sprite_ListingK by Current_zone; includes at sonic3k.asm Sprite_Listing3/Sprite_ListingK","Set 1 OpenGGF primary name MGZ2DrillingRobotnik; Set 2 OpenGGF primary name EggRobo","High for pointer target and table-selection annotation; no behavior claim","Differing table targets; document in audit, no label rename in pilot patch"
"$A1","Obj_MGZEndBoss","Obj_SSZGHZBoss","Set1: Obj_MGZEndBoss; Set2: Obj_SSZGHZBoss","Differing table targets; document in audit, no label rename in pilot patch","Pointer table entry in SK Set file(s); table selection code at sonic3k.asm loc_1B6A8 chooses Sprite_Listing3 or Sprite_ListingK by Current_zone; includes at sonic3k.asm Sprite_Listing3/Sprite_ListingK","Set 1 OpenGGF primary name MGZEndBoss; Set 2 OpenGGF primary name SSZGHZBoss","High for pointer target and table-selection annotation; no behavior claim","Differing table targets; document in audit, no label rename in pilot patch"
"$A2","Obj_MGZEndBossKnux","Obj_SSZMTZBoss","Set1: Obj_MGZEndBossKnux; Set2: Obj_SSZMTZBoss","Differing table targets; document in audit, no label rename in pilot patch","Pointer table entry in SK Set file(s); table selection code at sonic3k.asm loc_1B6A8 chooses Sprite_Listing3 or Sprite_ListingK by Current_zone; includes at sonic3k.asm Sprite_Listing3/Sprite_ListingK","Set 1 OpenGGF primary name MGZEndBossKnux; Set 2 OpenGGF primary name SSZMTZBoss","High for pointer target and table-selection annotation; no behavior claim","Differing table targets; document in audit, no label rename in pilot patch"
"$A3","Obj_Clamer","Obj_SSZEndBoss","Set1: Obj_Clamer; Set2: Obj_SSZEndBoss","Differing table targets; document in audit, no label rename in pilot patch","Pointer table entry in SK Set file(s); table selection code at sonic3k.asm loc_1B6A8 chooses Sprite_Listing3 or Sprite_ListingK by Current_zone; includes at sonic3k.asm Sprite_Listing3/Sprite_ListingK","Set 1 OpenGGF primary name Clamer; Set 2 OpenGGF primary name SSZEndBoss","High for pointer target and table-selection annotation; no behavior claim","Differing table targets; document in audit, no label rename in pilot patch"
"$A4","Obj_Sparkle","Obj_Spikebonker","Set1: Obj_Sparkle; Set2: Obj_Spikebonker","Differing table targets; document in audit, no label rename in pilot patch","Pointer table entry in SK Set file(s); table selection code at sonic3k.asm loc_1B6A8 chooses Sprite_Listing3 or Sprite_ListingK by Current_zone; includes at sonic3k.asm Sprite_Listing3/Sprite_ListingK","Set 1 OpenGGF primary name Sparkle; Set 2 OpenGGF primary name Spikebonker","High for pointer target and table-selection annotation; no behavior claim","Differing table targets; document in audit, no label rename in pilot patch"
"$A5","Obj_Batbot","Obj_Chainspike","Set1: Obj_Batbot; Set2: Obj_Chainspike","Differing table targets; document in audit, no label rename in pilot patch","Pointer table entry in SK Set file(s); table selection code at sonic3k.asm loc_1B6A8 chooses Sprite_Listing3 or Sprite_ListingK by Current_zone; includes at sonic3k.asm Sprite_Listing3/Sprite_ListingK","Set 1 OpenGGF primary name Batbot; Set 2 OpenGGF primary name Chainspike","High for pointer target and table-selection annotation; no behavior claim","Differing table targets; document in audit, no label rename in pilot patch"
"$A6","Obj_CNZMiniboss","Obj_DEZMiniboss","Set1: Obj_CNZMiniboss; Set2: Obj_DEZMiniboss","Differing table targets; document in audit, no label rename in pilot patch","Pointer table entry in SK Set file(s); table selection code at sonic3k.asm loc_1B6A8 chooses Sprite_Listing3 or Sprite_ListingK by Current_zone; includes at sonic3k.asm Sprite_Listing3/Sprite_ListingK","Set 1 OpenGGF primary name CNZMiniboss; Set 2 OpenGGF primary name DEZMiniboss","High for pointer target and table-selection annotation; no behavior claim","Differing table targets; document in audit, no label rename in pilot patch"
"$A7","Obj_CNZEndBoss","Obj_DEZEndBoss","Set1: Obj_CNZEndBoss; Set2: Obj_DEZEndBoss","Differing table targets; document in audit, no label rename in pilot patch","Pointer table entry in SK Set file(s); table selection code at sonic3k.asm loc_1B6A8 chooses Sprite_Listing3 or Sprite_ListingK by Current_zone; includes at sonic3k.asm Sprite_Listing3/Sprite_ListingK","Set 1 OpenGGF primary name CNZEndBoss; Set 2 OpenGGF primary name DEZEndBoss","High for pointer target and table-selection annotation; no behavior claim","Differing table targets; document in audit, no label rename in pilot patch"
"$A8","Obj_Blaster","Obj_MHZ1CutsceneKnuckles","Set1: Obj_Blaster; Set2: Obj_MHZ1CutsceneKnuckles","Differing table targets; document in audit, no label rename in pilot patch","Pointer table entry in SK Set file(s); table selection code at sonic3k.asm loc_1B6A8 chooses Sprite_Listing3 or Sprite_ListingK by Current_zone; includes at sonic3k.asm Sprite_Listing3/Sprite_ListingK","Set 1 OpenGGF primary name Blaster; Set 2 OpenGGF primary name MHZ1CutsceneKnuckles","High for pointer target and table-selection annotation; no behavior claim","Differing table targets; document in audit, no label rename in pilot patch"
"$A9","Obj_TechnoSqueek","Obj_MHZ1CutsceneButton","Set1: Obj_TechnoSqueek; Set2: Obj_MHZ1CutsceneButton","Differing table targets; document in audit, no label rename in pilot patch","Pointer table entry in SK Set file(s); table selection code at sonic3k.asm loc_1B6A8 chooses Sprite_Listing3 or Sprite_ListingK by Current_zone; includes at sonic3k.asm Sprite_Listing3/Sprite_ListingK","Set 1 OpenGGF primary name TechnoSqueek; Set 2 OpenGGF primary name MHZ1CutsceneButton","High for pointer target and table-selection annotation; no behavior claim","Differing table targets; document in audit, no label rename in pilot patch"
"$AA","Obj_FBZMiniboss","Hyudoro","Set1: Obj_FBZMiniboss; Set2: Hyudoro","Differing table targets; document in audit, no label rename in pilot patch","Pointer table entry in SK Set file(s); table selection code at sonic3k.asm loc_1B6A8 chooses Sprite_Listing3 or Sprite_ListingK by Current_zone; includes at sonic3k.asm Sprite_Listing3/Sprite_ListingK","Set 1 OpenGGF primary name FBZMiniboss; Set 2 OpenGGF primary name Hyudoro","High for pointer target and table-selection annotation; no behavior claim","Differing table targets; document in audit, no label rename in pilot patch"
"$AB","Obj_FBZ2Subboss","set_SOZ_capsule_Hyudoro_cg","Set1: Obj_FBZ2Subboss; Set2: set_SOZ_capsule_Hyudoro_cg","Differing table targets; document in audit, no label rename in pilot patch","Pointer table entry in SK Set file(s); table selection code at sonic3k.asm loc_1B6A8 chooses Sprite_Listing3 or Sprite_ListingK by Current_zone; includes at sonic3k.asm Sprite_Listing3/Sprite_ListingK","Set 1 OpenGGF primary name FBZ2Subboss; Set 2 OpenGGF primary name SOZCapsuleHyudoro","High for pointer target and table-selection annotation; no behavior claim","Differing table targets; document in audit, no label rename in pilot patch"
"$AC","Obj_FBZEndBoss","SOZ_capsule","Set1: Obj_FBZEndBoss; Set2: SOZ_capsule","Differing table targets; document in audit, no label rename in pilot patch","Pointer table entry in SK Set file(s); table selection code at sonic3k.asm loc_1B6A8 chooses Sprite_Listing3 or Sprite_ListingK by Current_zone; includes at sonic3k.asm Sprite_Listing3/Sprite_ListingK","Set 1 OpenGGF primary name FBZEndBoss; Set 2 OpenGGF primary name SOZCapsule","High for pointer target and table-selection annotation; no behavior claim","Differing table targets; document in audit, no label rename in pilot patch"
"$AD","Obj_Penguinator","Obj_LRZ3Platform","Set1: Obj_Penguinator; Set2: Obj_LRZ3Platform","Differing table targets; document in audit, no label rename in pilot patch","Pointer table entry in SK Set file(s); table selection code at sonic3k.asm loc_1B6A8 chooses Sprite_Listing3 or Sprite_ListingK by Current_zone; includes at sonic3k.asm Sprite_Listing3/Sprite_ListingK","Set 1 OpenGGF primary name Penguinator; Set 2 OpenGGF primary name LRZ3Platform","High for pointer target and table-selection annotation; no behavior claim","Differing table targets; document in audit, no label rename in pilot patch"
"$AE","Obj_StarPointer","Obj_LRZ2CutsceneKnuckles","Set1: Obj_StarPointer; Set2: Obj_LRZ2CutsceneKnuckles","Differing table targets; document in audit, no label rename in pilot patch","Pointer table entry in SK Set file(s); table selection code at sonic3k.asm loc_1B6A8 chooses Sprite_Listing3 or Sprite_ListingK by Current_zone; includes at sonic3k.asm Sprite_Listing3/Sprite_ListingK","Set 1 OpenGGF primary name StarPointer; Set 2 OpenGGF primary name LRZ2CutsceneKnuckles","High for pointer target and table-selection annotation; no behavior claim","Differing table targets; document in audit, no label rename in pilot patch"
"$AF","Obj_ICZCrushingColumn","Obj_SSZCutsceneButton","Set1: Obj_ICZCrushingColumn; Set2: Obj_SSZCutsceneButton","Differing table targets; document in audit, no label rename in pilot patch","Pointer table entry in SK Set file(s); table selection code at sonic3k.asm loc_1B6A8 chooses Sprite_Listing3 or Sprite_ListingK by Current_zone; includes at sonic3k.asm Sprite_Listing3/Sprite_ListingK","Set 1 OpenGGF primary name ICZCrushingColumn; Set 2 OpenGGF primary name SSZCutsceneButton","High for pointer target and table-selection annotation; no behavior claim","Differing table targets; document in audit, no label rename in pilot patch"
"$B0","Obj_ICZPathFollowPlatform","Obj_HPZMasterEmerald","Set1: Obj_ICZPathFollowPlatform; Set2: Obj_HPZMasterEmerald","Differing table targets; document in audit, no label rename in pilot patch","Pointer table entry in SK Set file(s); table selection code at sonic3k.asm loc_1B6A8 chooses Sprite_Listing3 or Sprite_ListingK by Current_zone; includes at sonic3k.asm Sprite_Listing3/Sprite_ListingK","Set 1 OpenGGF primary name ICZPathFollowPlatform; Set 2 OpenGGF primary name HPZMasterEmerald","High for pointer target and table-selection annotation; no behavior claim","Differing table targets; document in audit, no label rename in pilot patch"
"$B1","Obj_ICZBreakableWall","Obj_HPZPaletteControl","Set1: Obj_ICZBreakableWall; Set2: Obj_HPZPaletteControl","Differing table targets; document in audit, no label rename in pilot patch","Pointer table entry in SK Set file(s); table selection code at sonic3k.asm loc_1B6A8 chooses Sprite_Listing3 or Sprite_ListingK by Current_zone; includes at sonic3k.asm Sprite_Listing3/Sprite_ListingK","Set 1 OpenGGF primary name ICZBreakableWall; Set 2 OpenGGF primary name HPZPaletteControl","High for pointer target and table-selection annotation; no behavior claim","Differing table targets; document in audit, no label rename in pilot patch"
"$B2","Obj_ICZFreezer","Obj_KnuxFinalBossCrane","Set1: Obj_ICZFreezer; Set2: Obj_KnuxFinalBossCrane","Differing table targets; document in audit, no label rename in pilot patch","Pointer table entry in SK Set file(s); table selection code at sonic3k.asm loc_1B6A8 chooses Sprite_Listing3 or Sprite_ListingK by Current_zone; includes at sonic3k.asm Sprite_Listing3/Sprite_ListingK","Set 1 OpenGGF primary name ICZFreezer; Set 2 OpenGGF primary name KnuxFinalBossCrane","High for pointer target and table-selection annotation; no behavior claim","Differing table targets; document in audit, no label rename in pilot patch"
"$B3","Obj_ICZSegmentColumn","Obj_StartNewLevel","Set1: Obj_ICZSegmentColumn; Set2: Obj_StartNewLevel","Differing table targets; document in audit, no label rename in pilot patch","Pointer table entry in SK Set file(s); table selection code at sonic3k.asm loc_1B6A8 chooses Sprite_Listing3 or Sprite_ListingK by Current_zone; includes at sonic3k.asm Sprite_Listing3/Sprite_ListingK","Set 1 OpenGGF primary name ICZSegmentColumn; Set 2 OpenGGF primary name StartNewLevel","High for pointer target and table-selection annotation; no behavior claim","Differing table targets; document in audit, no label rename in pilot patch"
"$B4","Obj_ICZSwingingPlatform","Obj_HPZSuperEmerald","Set1: Obj_ICZSwingingPlatform; Set2: Obj_HPZSuperEmerald","Differing table targets; document in audit, no label rename in pilot patch","Pointer table entry in SK Set file(s); table selection code at sonic3k.asm loc_1B6A8 chooses Sprite_Listing3 or Sprite_ListingK by Current_zone; includes at sonic3k.asm Sprite_Listing3/Sprite_ListingK","Set 1 OpenGGF primary name ICZSwingingPlatform; Set 2 OpenGGF primary name HPZSuperEmerald","High for pointer target and table-selection annotation; no behavior claim","Differing table targets; document in audit, no label rename in pilot patch"
"$B5","Obj_ICZStalagtite","Obj_HPZSSEntryControl","Set1: Obj_ICZStalagtite; Set2: Obj_HPZSSEntryControl","Differing table targets; document in audit, no label rename in pilot patch","Pointer table entry in SK Set file(s); table selection code at sonic3k.asm loc_1B6A8 chooses Sprite_Listing3 or Sprite_ListingK by Current_zone; includes at sonic3k.asm Sprite_Listing3/Sprite_ListingK","Set 1 OpenGGF primary name ICZStalagtite; Set 2 OpenGGF primary name HPZSSEntryControl","High for pointer target and table-selection annotation; no behavior claim","Differing table targets; document in audit, no label rename in pilot patch"
"$B6","Obj_ICZIceCube","Obj_DDZEndBoss","Set1: Obj_ICZIceCube; Set2: Obj_DDZEndBoss","Differing table targets; document in audit, no label rename in pilot patch","Pointer table entry in SK Set file(s); table selection code at sonic3k.asm loc_1B6A8 chooses Sprite_Listing3 or Sprite_ListingK by Current_zone; includes at sonic3k.asm Sprite_Listing3/Sprite_ListingK","Set 1 OpenGGF primary name ICZIceCube; Set 2 OpenGGF primary name DDZEndBoss","High for pointer target and table-selection annotation; no behavior claim","Differing table targets; document in audit, no label rename in pilot patch"
"$B7","Obj_ICZIceSpikes","Obj_DDZAsteroid","Set1: Obj_ICZIceSpikes; Set2: Obj_DDZAsteroid","Differing table targets; document in audit, no label rename in pilot patch","Pointer table entry in SK Set file(s); table selection code at sonic3k.asm loc_1B6A8 chooses Sprite_Listing3 or Sprite_ListingK by Current_zone; includes at sonic3k.asm Sprite_Listing3/Sprite_ListingK","Set 1 OpenGGF primary name ICZIceSpikes; Set 2 OpenGGF primary name DDZAsteroid","High for pointer target and table-selection annotation; no behavior claim","Differing table targets; document in audit, no label rename in pilot patch"
"$B8","Obj_ICZHarmfulIce","Obj_DDZMissile","Set1: Obj_ICZHarmfulIce; Set2: Obj_DDZMissile","Differing table targets; document in audit, no label rename in pilot patch","Pointer table entry in SK Set file(s); table selection code at sonic3k.asm loc_1B6A8 chooses Sprite_Listing3 or Sprite_ListingK by Current_zone; includes at sonic3k.asm Sprite_Listing3/Sprite_ListingK","Set 1 OpenGGF primary name ICZHarmfulIce; Set 2 OpenGGF primary name DDZMissile","High for pointer target and table-selection annotation; no behavior claim","Differing table targets; document in audit, no label rename in pilot patch"
"$B9","Obj_ICZSnowPile","","Set1: Obj_ICZSnowPile; Set2: not present","Set 1-only slot beyond SK Set 2 table; no per-entry change in pilot patch","Pointer table entry in SK Set file(s); table selection code at sonic3k.asm loc_1B6A8 chooses Sprite_Listing3 or Sprite_ListingK by Current_zone; includes at sonic3k.asm Sprite_Listing3/Sprite_ListingK","Set 1 OpenGGF primary name ICZSnowPile","High for pointer target and table-selection annotation; no behavior claim","Set 1-only slot beyond SK Set 2 table; no per-entry change in pilot patch"
"$BA","Obj_ICZTensionPlatform","","Set1: Obj_ICZTensionPlatform; Set2: not present","Set 1-only slot beyond SK Set 2 table; no per-entry change in pilot patch","Pointer table entry in SK Set file(s); table selection code at sonic3k.asm loc_1B6A8 chooses Sprite_Listing3 or Sprite_ListingK by Current_zone; includes at sonic3k.asm Sprite_Listing3/Sprite_ListingK","Set 1 OpenGGF primary name ICZTensionPlatform","High for pointer target and table-selection annotation; no behavior claim","Set 1-only slot beyond SK Set 2 table; no per-entry change in pilot patch"
"$BB","Obj_ICZIceBlock","","Set1: Obj_ICZIceBlock; Set2: not present","Set 1-only slot beyond SK Set 2 table; no per-entry change in pilot patch","Pointer table entry in SK Set file(s); table selection code at sonic3k.asm loc_1B6A8 chooses Sprite_Listing3 or Sprite_ListingK by Current_zone; includes at sonic3k.asm Sprite_Listing3/Sprite_ListingK","Set 1 OpenGGF primary name ICZIceBlock","High for pointer target and table-selection annotation; no behavior claim","Set 1-only slot beyond SK Set 2 table; no per-entry change in pilot patch"
"$BC","Obj_ICZMiniboss","","Set1: Obj_ICZMiniboss; Set2: not present","Set 1-only slot beyond SK Set 2 table; no per-entry change in pilot patch","Pointer table entry in SK Set file(s); table selection code at sonic3k.asm loc_1B6A8 chooses Sprite_Listing3 or Sprite_ListingK by Current_zone; includes at sonic3k.asm Sprite_Listing3/Sprite_ListingK","Set 1 OpenGGF primary name ICZMiniboss","High for pointer target and table-selection annotation; no behavior claim","Set 1-only slot beyond SK Set 2 table; no per-entry change in pilot patch"
"$BD","Obj_ICZEndBoss","","Set1: Obj_ICZEndBoss; Set2: not present","Set 1-only slot beyond SK Set 2 table; no per-entry change in pilot patch","Pointer table entry in SK Set file(s); table selection code at sonic3k.asm loc_1B6A8 chooses Sprite_Listing3 or Sprite_ListingK by Current_zone; includes at sonic3k.asm Sprite_Listing3/Sprite_ListingK","Set 1 OpenGGF primary name ICZEndBoss","High for pointer target and table-selection annotation; no behavior claim","Set 1-only slot beyond SK Set 2 table; no per-entry change in pilot patch"
"$BE","Obj_SnaleBlaster","","Set1: Obj_SnaleBlaster; Set2: not present","Set 1-only slot beyond SK Set 2 table; no per-entry change in pilot patch","Pointer table entry in SK Set file(s); table selection code at sonic3k.asm loc_1B6A8 chooses Sprite_Listing3 or Sprite_ListingK by Current_zone; includes at sonic3k.asm Sprite_Listing3/Sprite_ListingK","Set 1 OpenGGF primary name SnaleBlaster","High for pointer target and table-selection annotation; no behavior claim","Set 1-only slot beyond SK Set 2 table; no per-entry change in pilot patch"
"$BF","Obj_Ribot","","Set1: Obj_Ribot; Set2: not present","Set 1-only slot beyond SK Set 2 table; no per-entry change in pilot patch","Pointer table entry in SK Set file(s); table selection code at sonic3k.asm loc_1B6A8 chooses Sprite_Listing3 or Sprite_ListingK by Current_zone; includes at sonic3k.asm Sprite_Listing3/Sprite_ListingK","Set 1 OpenGGF primary name Ribot","High for pointer target and table-selection annotation; no behavior claim","Set 1-only slot beyond SK Set 2 table; no per-entry change in pilot patch"
"$C0","Obj_Orbinaut","","Set1: Obj_Orbinaut; Set2: not present","Set 1-only slot beyond SK Set 2 table; no per-entry change in pilot patch","Pointer table entry in SK Set file(s); table selection code at sonic3k.asm loc_1B6A8 chooses Sprite_Listing3 or Sprite_ListingK by Current_zone; includes at sonic3k.asm Sprite_Listing3/Sprite_ListingK","Set 1 OpenGGF primary name Orbinaut","High for pointer target and table-selection annotation; no behavior claim","Set 1-only slot beyond SK Set 2 table; no per-entry change in pilot patch"
"$C1","Obj_Corkey","","Set1: Obj_Corkey; Set2: not present","Set 1-only slot beyond SK Set 2 table; no per-entry change in pilot patch","Pointer table entry in SK Set file(s); table selection code at sonic3k.asm loc_1B6A8 chooses Sprite_Listing3 or Sprite_ListingK by Current_zone; includes at sonic3k.asm Sprite_Listing3/Sprite_ListingK","Set 1 OpenGGF primary name Corkey","High for pointer target and table-selection annotation; no behavior claim","Set 1-only slot beyond SK Set 2 table; no per-entry change in pilot patch"
"$C2","Obj_Flybot767","","Set1: Obj_Flybot767; Set2: not present","Set 1-only slot beyond SK Set 2 table; no per-entry change in pilot patch","Pointer table entry in SK Set file(s); table selection code at sonic3k.asm loc_1B6A8 chooses Sprite_Listing3 or Sprite_ListingK by Current_zone; includes at sonic3k.asm Sprite_Listing3/Sprite_ListingK","Set 1 OpenGGF primary name Flybot767","High for pointer target and table-selection annotation; no behavior claim","Set 1-only slot beyond SK Set 2 table; no per-entry change in pilot patch"
"$C3","Obj_LBZ1Robotnik","","Set1: Obj_LBZ1Robotnik; Set2: not present","Set 1-only slot beyond SK Set 2 table; no per-entry change in pilot patch","Pointer table entry in SK Set file(s); table selection code at sonic3k.asm loc_1B6A8 chooses Sprite_Listing3 or Sprite_ListingK by Current_zone; includes at sonic3k.asm Sprite_Listing3/Sprite_ListingK","Set 1 OpenGGF primary name LBZ1Robotnik","High for pointer target and table-selection annotation; no behavior claim","Set 1-only slot beyond SK Set 2 table; no per-entry change in pilot patch"
"$C4","Obj_LBZMinibossBox","","Set1: Obj_LBZMinibossBox; Set2: not present","Set 1-only slot beyond SK Set 2 table; no per-entry change in pilot patch","Pointer table entry in SK Set file(s); table selection code at sonic3k.asm loc_1B6A8 chooses Sprite_Listing3 or Sprite_ListingK by Current_zone; includes at sonic3k.asm Sprite_Listing3/Sprite_ListingK","Set 1 OpenGGF primary name LBZMinibossBox","High for pointer target and table-selection annotation; no behavior claim","Set 1-only slot beyond SK Set 2 table; no per-entry change in pilot patch"
"$C5","Obj_LBZMinibossBoxKnux","","Set1: Obj_LBZMinibossBoxKnux; Set2: not present","Set 1-only slot beyond SK Set 2 table; no per-entry change in pilot patch","Pointer table entry in SK Set file(s); table selection code at sonic3k.asm loc_1B6A8 chooses Sprite_Listing3 or Sprite_ListingK by Current_zone; includes at sonic3k.asm Sprite_Listing3/Sprite_ListingK","Set 1 OpenGGF primary name LBZMinibossBoxKnux","High for pointer target and table-selection annotation; no behavior claim","Set 1-only slot beyond SK Set 2 table; no per-entry change in pilot patch"
"$C6","Obj_LBZ2RobotnikShip","","Set1: Obj_LBZ2RobotnikShip; Set2: not present","Set 1-only slot beyond SK Set 2 table; no per-entry change in pilot patch","Pointer table entry in SK Set file(s); table selection code at sonic3k.asm loc_1B6A8 chooses Sprite_Listing3 or Sprite_ListingK by Current_zone; includes at sonic3k.asm Sprite_Listing3/Sprite_ListingK","Set 1 OpenGGF primary name LBZ2RobotnikShip","High for pointer target and table-selection annotation; no behavior claim","Set 1-only slot beyond SK Set 2 table; no per-entry change in pilot patch"
"$C7","Obj_Ring","","Set1: Obj_Ring; Set2: not present","Set 1-only slot beyond SK Set 2 table; no per-entry change in pilot patch","Pointer table entry in SK Set file(s); table selection code at sonic3k.asm loc_1B6A8 chooses Sprite_Listing3 or Sprite_ListingK by Current_zone; includes at sonic3k.asm Sprite_Listing3/Sprite_ListingK","Set 1 not explicitly named in OpenGGF registry switch","High for pointer target and table-selection annotation; no behavior claim","Set 1-only slot beyond SK Set 2 table; no per-entry change in pilot patch"
"$C8","Obj_LBZKnuxPillar","","Set1: Obj_LBZKnuxPillar; Set2: not present","Set 1-only slot beyond SK Set 2 table; no per-entry change in pilot patch","Pointer table entry in SK Set file(s); table selection code at sonic3k.asm loc_1B6A8 chooses Sprite_Listing3 or Sprite_ListingK by Current_zone; includes at sonic3k.asm Sprite_Listing3/Sprite_ListingK","Set 1 OpenGGF primary name LBZKnuxPillar","High for pointer target and table-selection annotation; no behavior claim","Set 1-only slot beyond SK Set 2 table; no per-entry change in pilot patch"
"$C9","Obj_LBZMiniboss","","Set1: Obj_LBZMiniboss; Set2: not present","Set 1-only slot beyond SK Set 2 table; no per-entry change in pilot patch","Pointer table entry in SK Set file(s); table selection code at sonic3k.asm loc_1B6A8 chooses Sprite_Listing3 or Sprite_ListingK by Current_zone; includes at sonic3k.asm Sprite_Listing3/Sprite_ListingK","Set 1 OpenGGF primary name LBZMiniboss","High for pointer target and table-selection annotation; no behavior claim","Set 1-only slot beyond SK Set 2 table; no per-entry change in pilot patch"
"$CA","Obj_LBZFinalBoss1","","Set1: Obj_LBZFinalBoss1; Set2: not present","Set 1-only slot beyond SK Set 2 table; no per-entry change in pilot patch","Pointer table entry in SK Set file(s); table selection code at sonic3k.asm loc_1B6A8 chooses Sprite_Listing3 or Sprite_ListingK by Current_zone; includes at sonic3k.asm Sprite_Listing3/Sprite_ListingK","Set 1 OpenGGF primary name LBZFinalBoss1","High for pointer target and table-selection annotation; no behavior claim","Set 1-only slot beyond SK Set 2 table; no per-entry change in pilot patch"
"$CB","Obj_LBZEndBoss","","Set1: Obj_LBZEndBoss; Set2: not present","Set 1-only slot beyond SK Set 2 table; no per-entry change in pilot patch","Pointer table entry in SK Set file(s); table selection code at sonic3k.asm loc_1B6A8 chooses Sprite_Listing3 or Sprite_ListingK by Current_zone; includes at sonic3k.asm Sprite_Listing3/Sprite_ListingK","Set 1 OpenGGF primary name LBZEndBoss","High for pointer target and table-selection annotation; no behavior claim","Set 1-only slot beyond SK Set 2 table; no per-entry change in pilot patch"
"$CC","Obj_LBZFinalBoss2","","Set1: Obj_LBZFinalBoss2; Set2: not present","Set 1-only slot beyond SK Set 2 table; no per-entry change in pilot patch","Pointer table entry in SK Set file(s); table selection code at sonic3k.asm loc_1B6A8 chooses Sprite_Listing3 or Sprite_ListingK by Current_zone; includes at sonic3k.asm Sprite_Listing3/Sprite_ListingK","Set 1 OpenGGF primary name LBZFinalBoss2","High for pointer target and table-selection annotation; no behavior claim","Set 1-only slot beyond SK Set 2 table; no per-entry change in pilot patch"
"$CD","Obj_LBZFinalBossKnux","","Set1: Obj_LBZFinalBossKnux; Set2: not present","Set 1-only slot beyond SK Set 2 table; no per-entry change in pilot patch","Pointer table entry in SK Set file(s); table selection code at sonic3k.asm loc_1B6A8 chooses Sprite_Listing3 or Sprite_ListingK by Current_zone; includes at sonic3k.asm Sprite_Listing3/Sprite_ListingK","Set 1 OpenGGF primary name LBZFinalBossKnux","High for pointer target and table-selection annotation; no behavior claim","Set 1-only slot beyond SK Set 2 table; no per-entry change in pilot patch"
"$CE","Obj_FBZExitDoor","","Set1: Obj_FBZExitDoor; Set2: not present","Set 1-only slot beyond SK Set 2 table; no per-entry change in pilot patch","Pointer table entry in SK Set file(s); table selection code at sonic3k.asm loc_1B6A8 chooses Sprite_Listing3 or Sprite_ListingK by Current_zone; includes at sonic3k.asm Sprite_Listing3/Sprite_ListingK","Set 1 OpenGGF primary name FBZExitDoor","High for pointer target and table-selection annotation; no behavior claim","Set 1-only slot beyond SK Set 2 table; no per-entry change in pilot patch"
"$CF","Obj_FBZEggPrison","","Set1: Obj_FBZEggPrison; Set2: not present","Set 1-only slot beyond SK Set 2 table; no per-entry change in pilot patch","Pointer table entry in SK Set file(s); table selection code at sonic3k.asm loc_1B6A8 chooses Sprite_Listing3 or Sprite_ListingK by Current_zone; includes at sonic3k.asm Sprite_Listing3/Sprite_ListingK","Set 1 OpenGGF primary name FBZEggPrison","High for pointer target and table-selection annotation; no behavior claim","Set 1-only slot beyond SK Set 2 table; no per-entry change in pilot patch"
"$D0","Obj_FBZSpringPlunger","","Set1: Obj_FBZSpringPlunger; Set2: not present","Set 1-only slot beyond SK Set 2 table; no per-entry change in pilot patch","Pointer table entry in SK Set file(s); table selection code at sonic3k.asm loc_1B6A8 chooses Sprite_Listing3 or Sprite_ListingK by Current_zone; includes at sonic3k.asm Sprite_Listing3/Sprite_ListingK","Set 1 OpenGGF primary name FBZSpringPlunger","High for pointer target and table-selection annotation; no behavior claim","Set 1-only slot beyond SK Set 2 table; no per-entry change in pilot patch"
"$D1","Obj_Ring","","Set1: Obj_Ring; Set2: not present","Set 1-only slot beyond SK Set 2 table; no per-entry change in pilot patch","Pointer table entry in SK Set file(s); table selection code at sonic3k.asm loc_1B6A8 chooses Sprite_Listing3 or Sprite_ListingK by Current_zone; includes at sonic3k.asm Sprite_Listing3/Sprite_ListingK","Set 1 not explicitly named in OpenGGF registry switch","High for pointer target and table-selection annotation; no behavior claim","Set 1-only slot beyond SK Set 2 table; no per-entry change in pilot patch"
"$D2","Obj_Ring","","Set1: Obj_Ring; Set2: not present","Set 1-only slot beyond SK Set 2 table; no per-entry change in pilot patch","Pointer table entry in SK Set file(s); table selection code at sonic3k.asm loc_1B6A8 chooses Sprite_Listing3 or Sprite_ListingK by Current_zone; includes at sonic3k.asm Sprite_Listing3/Sprite_ListingK","Set 1 not explicitly named in OpenGGF registry switch","High for pointer target and table-selection annotation; no behavior claim","Set 1-only slot beyond SK Set 2 table; no per-entry change in pilot patch"
"$D3","Obj_Ring","","Set1: Obj_Ring; Set2: not present","Set 1-only slot beyond SK Set 2 table; no per-entry change in pilot patch","Pointer table entry in SK Set file(s); table selection code at sonic3k.asm loc_1B6A8 chooses Sprite_Listing3 or Sprite_ListingK by Current_zone; includes at sonic3k.asm Sprite_Listing3/Sprite_ListingK","Set 1 not explicitly named in OpenGGF registry switch","High for pointer target and table-selection annotation; no behavior claim","Set 1-only slot beyond SK Set 2 table; no per-entry change in pilot patch"
"$D4","Obj_Ring","","Set1: Obj_Ring; Set2: not present","Set 1-only slot beyond SK Set 2 table; no per-entry change in pilot patch","Pointer table entry in SK Set file(s); table selection code at sonic3k.asm loc_1B6A8 chooses Sprite_Listing3 or Sprite_ListingK by Current_zone; includes at sonic3k.asm Sprite_Listing3/Sprite_ListingK","Set 1 not explicitly named in OpenGGF registry switch","High for pointer target and table-selection annotation; no behavior claim","Set 1-only slot beyond SK Set 2 table; no per-entry change in pilot patch"
"$D5","Obj_Ring","","Set1: Obj_Ring; Set2: not present","Set 1-only slot beyond SK Set 2 table; no per-entry change in pilot patch","Pointer table entry in SK Set file(s); table selection code at sonic3k.asm loc_1B6A8 chooses Sprite_Listing3 or Sprite_ListingK by Current_zone; includes at sonic3k.asm Sprite_Listing3/Sprite_ListingK","Set 1 not explicitly named in OpenGGF registry switch","High for pointer target and table-selection annotation; no behavior claim","Set 1-only slot beyond SK Set 2 table; no per-entry change in pilot patch"
"$D6","Obj_Ring","","Set1: Obj_Ring; Set2: not present","Set 1-only slot beyond SK Set 2 table; no per-entry change in pilot patch","Pointer table entry in SK Set file(s); table selection code at sonic3k.asm loc_1B6A8 chooses Sprite_Listing3 or Sprite_ListingK by Current_zone; includes at sonic3k.asm Sprite_Listing3/Sprite_ListingK","Set 1 not explicitly named in OpenGGF registry switch","High for pointer target and table-selection annotation; no behavior claim","Set 1-only slot beyond SK Set 2 table; no per-entry change in pilot patch"
"$D7","Obj_Ring","","Set1: Obj_Ring; Set2: not present","Set 1-only slot beyond SK Set 2 table; no per-entry change in pilot patch","Pointer table entry in SK Set file(s); table selection code at sonic3k.asm loc_1B6A8 chooses Sprite_Listing3 or Sprite_ListingK by Current_zone; includes at sonic3k.asm Sprite_Listing3/Sprite_ListingK","Set 1 not explicitly named in OpenGGF registry switch","High for pointer target and table-selection annotation; no behavior claim","Set 1-only slot beyond SK Set 2 table; no per-entry change in pilot patch"
"$D8","Obj_Ring","","Set1: Obj_Ring; Set2: not present","Set 1-only slot beyond SK Set 2 table; no per-entry change in pilot patch","Pointer table entry in SK Set file(s); table selection code at sonic3k.asm loc_1B6A8 chooses Sprite_Listing3 or Sprite_ListingK by Current_zone; includes at sonic3k.asm Sprite_Listing3/Sprite_ListingK","Set 1 not explicitly named in OpenGGF registry switch","High for pointer target and table-selection annotation; no behavior claim","Set 1-only slot beyond SK Set 2 table; no per-entry change in pilot patch"
"$D9","Obj_Ring","","Set1: Obj_Ring; Set2: not present","Set 1-only slot beyond SK Set 2 table; no per-entry change in pilot patch","Pointer table entry in SK Set file(s); table selection code at sonic3k.asm loc_1B6A8 chooses Sprite_Listing3 or Sprite_ListingK by Current_zone; includes at sonic3k.asm Sprite_Listing3/Sprite_ListingK","Set 1 not explicitly named in OpenGGF registry switch","High for pointer target and table-selection annotation; no behavior claim","Set 1-only slot beyond SK Set 2 table; no per-entry change in pilot patch"
"$DA","Obj_Ring","","Set1: Obj_Ring; Set2: not present","Set 1-only slot beyond SK Set 2 table; no per-entry change in pilot patch","Pointer table entry in SK Set file(s); table selection code at sonic3k.asm loc_1B6A8 chooses Sprite_Listing3 or Sprite_ListingK by Current_zone; includes at sonic3k.asm Sprite_Listing3/Sprite_ListingK","Set 1 not explicitly named in OpenGGF registry switch","High for pointer target and table-selection annotation; no behavior claim","Set 1-only slot beyond SK Set 2 table; no per-entry change in pilot patch"
"$DB","Obj_Ring","","Set1: Obj_Ring; Set2: not present","Set 1-only slot beyond SK Set 2 table; no per-entry change in pilot patch","Pointer table entry in SK Set file(s); table selection code at sonic3k.asm loc_1B6A8 chooses Sprite_Listing3 or Sprite_ListingK by Current_zone; includes at sonic3k.asm Sprite_Listing3/Sprite_ListingK","Set 1 not explicitly named in OpenGGF registry switch","High for pointer target and table-selection annotation; no behavior claim","Set 1-only slot beyond SK Set 2 table; no per-entry change in pilot patch"
"$DC","Obj_Ring","","Set1: Obj_Ring; Set2: not present","Set 1-only slot beyond SK Set 2 table; no per-entry change in pilot patch","Pointer table entry in SK Set file(s); table selection code at sonic3k.asm loc_1B6A8 chooses Sprite_Listing3 or Sprite_ListingK by Current_zone; includes at sonic3k.asm Sprite_Listing3/Sprite_ListingK","Set 1 not explicitly named in OpenGGF registry switch","High for pointer target and table-selection annotation; no behavior claim","Set 1-only slot beyond SK Set 2 table; no per-entry change in pilot patch"
"$DD","Obj_Ring","","Set1: Obj_Ring; Set2: not present","Set 1-only slot beyond SK Set 2 table; no per-entry change in pilot patch","Pointer table entry in SK Set file(s); table selection code at sonic3k.asm loc_1B6A8 chooses Sprite_Listing3 or Sprite_ListingK by Current_zone; includes at sonic3k.asm Sprite_Listing3/Sprite_ListingK","Set 1 not explicitly named in OpenGGF registry switch","High for pointer target and table-selection annotation; no behavior claim","Set 1-only slot beyond SK Set 2 table; no per-entry change in pilot patch"
"$DE","Obj_Ring","","Set1: Obj_Ring; Set2: not present","Set 1-only slot beyond SK Set 2 table; no per-entry change in pilot patch","Pointer table entry in SK Set file(s); table selection code at sonic3k.asm loc_1B6A8 chooses Sprite_Listing3 or Sprite_ListingK by Current_zone; includes at sonic3k.asm Sprite_Listing3/Sprite_ListingK","Set 1 not explicitly named in OpenGGF registry switch","High for pointer target and table-selection annotation; no behavior claim","Set 1-only slot beyond SK Set 2 table; no per-entry change in pilot patch"
"$DF","Obj_Ring","","Set1: Obj_Ring; Set2: not present","Set 1-only slot beyond SK Set 2 table; no per-entry change in pilot patch","Pointer table entry in SK Set file(s); table selection code at sonic3k.asm loc_1B6A8 chooses Sprite_Listing3 or Sprite_ListingK by Current_zone; includes at sonic3k.asm Sprite_Listing3/Sprite_ListingK","Set 1 not explicitly named in OpenGGF registry switch","High for pointer target and table-selection annotation; no behavior claim","Set 1-only slot beyond SK Set 2 table; no per-entry change in pilot patch"
"$E0","Obj_FBZWallMissile","","Set1: Obj_FBZWallMissile; Set2: not present","Set 1-only slot beyond SK Set 2 table; no per-entry change in pilot patch","Pointer table entry in SK Set file(s); table selection code at sonic3k.asm loc_1B6A8 chooses Sprite_Listing3 or Sprite_ListingK by Current_zone; includes at sonic3k.asm Sprite_Listing3/Sprite_ListingK","Set 1 OpenGGF primary name FBZWallMissile","High for pointer target and table-selection annotation; no behavior claim","Set 1-only slot beyond SK Set 2 table; no per-entry change in pilot patch"
"$E1","Obj_FBZMine","","Set1: Obj_FBZMine; Set2: not present","Set 1-only slot beyond SK Set 2 table; no per-entry change in pilot patch","Pointer table entry in SK Set file(s); table selection code at sonic3k.asm loc_1B6A8 chooses Sprite_Listing3 or Sprite_ListingK by Current_zone; includes at sonic3k.asm Sprite_Listing3/Sprite_ListingK","Set 1 OpenGGF primary name FBZMine","High for pointer target and table-selection annotation; no behavior claim","Set 1-only slot beyond SK Set 2 table; no per-entry change in pilot patch"
"$E2","Obj_FBZElevator","","Set1: Obj_FBZElevator; Set2: not present","Set 1-only slot beyond SK Set 2 table; no per-entry change in pilot patch","Pointer table entry in SK Set file(s); table selection code at sonic3k.asm loc_1B6A8 chooses Sprite_Listing3 or Sprite_ListingK by Current_zone; includes at sonic3k.asm Sprite_Listing3/Sprite_ListingK","Set 1 OpenGGF primary name FBZElevator","High for pointer target and table-selection annotation; no behavior claim","Set 1-only slot beyond SK Set 2 table; no per-entry change in pilot patch"
"$E3","Obj_FBZTrapSpring","","Set1: Obj_FBZTrapSpring; Set2: not present","Set 1-only slot beyond SK Set 2 table; no per-entry change in pilot patch","Pointer table entry in SK Set file(s); table selection code at sonic3k.asm loc_1B6A8 chooses Sprite_Listing3 or Sprite_ListingK by Current_zone; includes at sonic3k.asm Sprite_Listing3/Sprite_ListingK","Set 1 OpenGGF primary name FBZTrapSpring","High for pointer target and table-selection annotation; no behavior claim","Set 1-only slot beyond SK Set 2 table; no per-entry change in pilot patch"
"$E4","Obj_FBZFlamethrower","","Set1: Obj_FBZFlamethrower; Set2: not present","Set 1-only slot beyond SK Set 2 table; no per-entry change in pilot patch","Pointer table entry in SK Set file(s); table selection code at sonic3k.asm loc_1B6A8 chooses Sprite_Listing3 or Sprite_ListingK by Current_zone; includes at sonic3k.asm Sprite_Listing3/Sprite_ListingK","Set 1 OpenGGF primary name FBZFlamethrower","High for pointer target and table-selection annotation; no behavior claim","Set 1-only slot beyond SK Set 2 table; no per-entry change in pilot patch"
"$E5","Obj_FBZSpiderCrane","","Set1: Obj_FBZSpiderCrane; Set2: not present","Set 1-only slot beyond SK Set 2 table; no per-entry change in pilot patch","Pointer table entry in SK Set file(s); table selection code at sonic3k.asm loc_1B6A8 chooses Sprite_Listing3 or Sprite_ListingK by Current_zone; includes at sonic3k.asm Sprite_Listing3/Sprite_ListingK","Set 1 OpenGGF primary name FBZSpiderCrane","High for pointer target and table-selection annotation; no behavior claim","Set 1-only slot beyond SK Set 2 table; no per-entry change in pilot patch"
"$E6","Obj_PachinkoTriangleBumper","","Set1: Obj_PachinkoTriangleBumper; Set2: not present","Set 1-only slot beyond SK Set 2 table; no per-entry change in pilot patch","Pointer table entry in SK Set file(s); table selection code at sonic3k.asm loc_1B6A8 chooses Sprite_Listing3 or Sprite_ListingK by Current_zone; includes at sonic3k.asm Sprite_Listing3/Sprite_ListingK","Set 1 OpenGGF primary name PachinkoTriangleBumper","High for pointer target and table-selection annotation; no behavior claim","Set 1-only slot beyond SK Set 2 table; no per-entry change in pilot patch"
"$E7","Obj_PachinkoFlipper","","Set1: Obj_PachinkoFlipper; Set2: not present","Set 1-only slot beyond SK Set 2 table; no per-entry change in pilot patch","Pointer table entry in SK Set file(s); table selection code at sonic3k.asm loc_1B6A8 chooses Sprite_Listing3 or Sprite_ListingK by Current_zone; includes at sonic3k.asm Sprite_Listing3/Sprite_ListingK","Set 1 OpenGGF primary name PachinkoFlipper","High for pointer target and table-selection annotation; no behavior claim","Set 1-only slot beyond SK Set 2 table; no per-entry change in pilot patch"
"$E8","Obj_PachinkoEnergyTrap","","Set1: Obj_PachinkoEnergyTrap; Set2: not present","Set 1-only slot beyond SK Set 2 table; no per-entry change in pilot patch","Pointer table entry in SK Set file(s); table selection code at sonic3k.asm loc_1B6A8 chooses Sprite_Listing3 or Sprite_ListingK by Current_zone; includes at sonic3k.asm Sprite_Listing3/Sprite_ListingK","Set 1 OpenGGF primary name PachinkoEnergyTrap","High for pointer target and table-selection annotation; no behavior claim","Set 1-only slot beyond SK Set 2 table; no per-entry change in pilot patch"
"$E9","Obj_PachinkoInvisibleUnknown","","Set1: Obj_PachinkoInvisibleUnknown; Set2: not present","Set 1-only slot beyond SK Set 2 table; no per-entry change in pilot patch","Pointer table entry in SK Set file(s); table selection code at sonic3k.asm loc_1B6A8 chooses Sprite_Listing3 or Sprite_ListingK by Current_zone; includes at sonic3k.asm Sprite_Listing3/Sprite_ListingK","Set 1 OpenGGF primary name PachinkoInvisibleUnknown","High for pointer target and table-selection annotation; no behavior claim","Set 1-only slot beyond SK Set 2 table; no per-entry change in pilot patch"
"$EA","Obj_Pachinko_Platform","","Set1: Obj_Pachinko_Platform; Set2: not present","Set 1-only slot beyond SK Set 2 table; no per-entry change in pilot patch","Pointer table entry in SK Set file(s); table selection code at sonic3k.asm loc_1B6A8 chooses Sprite_Listing3 or Sprite_ListingK by Current_zone; includes at sonic3k.asm Sprite_Listing3/Sprite_ListingK","Set 1 OpenGGF primary name PachinkoPlatform","High for pointer target and table-selection annotation; no behavior claim","Set 1-only slot beyond SK Set 2 table; no per-entry change in pilot patch"
"$EB","Obj_GumballItem","","Set1: Obj_GumballItem; Set2: not present","Set 1-only slot beyond SK Set 2 table; no per-entry change in pilot patch","Pointer table entry in SK Set file(s); table selection code at sonic3k.asm loc_1B6A8 chooses Sprite_Listing3 or Sprite_ListingK by Current_zone; includes at sonic3k.asm Sprite_Listing3/Sprite_ListingK","Set 1 OpenGGF primary name GumballItem","High for pointer target and table-selection annotation; no behavior claim","Set 1-only slot beyond SK Set 2 table; no per-entry change in pilot patch"
"$EC","Obj_PachinkoMagnetOrb","","Set1: Obj_PachinkoMagnetOrb; Set2: not present","Set 1-only slot beyond SK Set 2 table; no per-entry change in pilot patch","Pointer table entry in SK Set file(s); table selection code at sonic3k.asm loc_1B6A8 chooses Sprite_Listing3 or Sprite_ListingK by Current_zone; includes at sonic3k.asm Sprite_Listing3/Sprite_ListingK","Set 1 OpenGGF primary name PachinkoMagnetOrb","High for pointer target and table-selection annotation; no behavior claim","Set 1-only slot beyond SK Set 2 table; no per-entry change in pilot patch"
"$ED","Obj_PachinkoItemOrb","","Set1: Obj_PachinkoItemOrb; Set2: not present","Set 1-only slot beyond SK Set 2 table; no per-entry change in pilot patch","Pointer table entry in SK Set file(s); table selection code at sonic3k.asm loc_1B6A8 chooses Sprite_Listing3 or Sprite_ListingK by Current_zone; includes at sonic3k.asm Sprite_Listing3/Sprite_ListingK","Set 1 OpenGGF primary name PachinkoItemOrb","High for pointer target and table-selection annotation; no behavior claim","Set 1-only slot beyond SK Set 2 table; no per-entry change in pilot patch"
"$EE","Obj_Ring","","Set1: Obj_Ring; Set2: not present","Set 1-only slot beyond SK Set 2 table; no per-entry change in pilot patch","Pointer table entry in SK Set file(s); table selection code at sonic3k.asm loc_1B6A8 chooses Sprite_Listing3 or Sprite_ListingK by Current_zone; includes at sonic3k.asm Sprite_Listing3/Sprite_ListingK","Set 1 not explicitly named in OpenGGF registry switch","High for pointer target and table-selection annotation; no behavior claim","Set 1-only slot beyond SK Set 2 table; no per-entry change in pilot patch"
"$EF","Obj_Ring","","Set1: Obj_Ring; Set2: not present","Set 1-only slot beyond SK Set 2 table; no per-entry change in pilot patch","Pointer table entry in SK Set file(s); table selection code at sonic3k.asm loc_1B6A8 chooses Sprite_Listing3 or Sprite_ListingK by Current_zone; includes at sonic3k.asm Sprite_Listing3/Sprite_ListingK","Set 1 not explicitly named in OpenGGF registry switch","High for pointer target and table-selection annotation; no behavior claim","Set 1-only slot beyond SK Set 2 table; no per-entry change in pilot patch"
"$F0","Obj_Ring","","Set1: Obj_Ring; Set2: not present","Set 1-only slot beyond SK Set 2 table; no per-entry change in pilot patch","Pointer table entry in SK Set file(s); table selection code at sonic3k.asm loc_1B6A8 chooses Sprite_Listing3 or Sprite_ListingK by Current_zone; includes at sonic3k.asm Sprite_Listing3/Sprite_ListingK","Set 1 not explicitly named in OpenGGF registry switch","High for pointer target and table-selection annotation; no behavior claim","Set 1-only slot beyond SK Set 2 table; no per-entry change in pilot patch"
"$F1","Obj_Ring","","Set1: Obj_Ring; Set2: not present","Set 1-only slot beyond SK Set 2 table; no per-entry change in pilot patch","Pointer table entry in SK Set file(s); table selection code at sonic3k.asm loc_1B6A8 chooses Sprite_Listing3 or Sprite_ListingK by Current_zone; includes at sonic3k.asm Sprite_Listing3/Sprite_ListingK","Set 1 not explicitly named in OpenGGF registry switch","High for pointer target and table-selection annotation; no behavior claim","Set 1-only slot beyond SK Set 2 table; no per-entry change in pilot patch"
"$F2","Obj_Ring","","Set1: Obj_Ring; Set2: not present","Set 1-only slot beyond SK Set 2 table; no per-entry change in pilot patch","Pointer table entry in SK Set file(s); table selection code at sonic3k.asm loc_1B6A8 chooses Sprite_Listing3 or Sprite_ListingK by Current_zone; includes at sonic3k.asm Sprite_Listing3/Sprite_ListingK","Set 1 not explicitly named in OpenGGF registry switch","High for pointer target and table-selection annotation; no behavior claim","Set 1-only slot beyond SK Set 2 table; no per-entry change in pilot patch"
"$F3","Obj_Ring","","Set1: Obj_Ring; Set2: not present","Set 1-only slot beyond SK Set 2 table; no per-entry change in pilot patch","Pointer table entry in SK Set file(s); table selection code at sonic3k.asm loc_1B6A8 chooses Sprite_Listing3 or Sprite_ListingK by Current_zone; includes at sonic3k.asm Sprite_Listing3/Sprite_ListingK","Set 1 not explicitly named in OpenGGF registry switch","High for pointer target and table-selection annotation; no behavior claim","Set 1-only slot beyond SK Set 2 table; no per-entry change in pilot patch"
"$F4","Obj_Ring","","Set1: Obj_Ring; Set2: not present","Set 1-only slot beyond SK Set 2 table; no per-entry change in pilot patch","Pointer table entry in SK Set file(s); table selection code at sonic3k.asm loc_1B6A8 chooses Sprite_Listing3 or Sprite_ListingK by Current_zone; includes at sonic3k.asm Sprite_Listing3/Sprite_ListingK","Set 1 not explicitly named in OpenGGF registry switch","High for pointer target and table-selection annotation; no behavior claim","Set 1-only slot beyond SK Set 2 table; no per-entry change in pilot patch"
"$F5","Obj_Ring","","Set1: Obj_Ring; Set2: not present","Set 1-only slot beyond SK Set 2 table; no per-entry change in pilot patch","Pointer table entry in SK Set file(s); table selection code at sonic3k.asm loc_1B6A8 chooses Sprite_Listing3 or Sprite_ListingK by Current_zone; includes at sonic3k.asm Sprite_Listing3/Sprite_ListingK","Set 1 not explicitly named in OpenGGF registry switch","High for pointer target and table-selection annotation; no behavior claim","Set 1-only slot beyond SK Set 2 table; no per-entry change in pilot patch"
"$F6","Obj_Ring","","Set1: Obj_Ring; Set2: not present","Set 1-only slot beyond SK Set 2 table; no per-entry change in pilot patch","Pointer table entry in SK Set file(s); table selection code at sonic3k.asm loc_1B6A8 chooses Sprite_Listing3 or Sprite_ListingK by Current_zone; includes at sonic3k.asm Sprite_Listing3/Sprite_ListingK","Set 1 not explicitly named in OpenGGF registry switch","High for pointer target and table-selection annotation; no behavior claim","Set 1-only slot beyond SK Set 2 table; no per-entry change in pilot patch"
"$F7","Obj_Ring","","Set1: Obj_Ring; Set2: not present","Set 1-only slot beyond SK Set 2 table; no per-entry change in pilot patch","Pointer table entry in SK Set file(s); table selection code at sonic3k.asm loc_1B6A8 chooses Sprite_Listing3 or Sprite_ListingK by Current_zone; includes at sonic3k.asm Sprite_Listing3/Sprite_ListingK","Set 1 not explicitly named in OpenGGF registry switch","High for pointer target and table-selection annotation; no behavior claim","Set 1-only slot beyond SK Set 2 table; no per-entry change in pilot patch"
"$F8","Obj_Ring","","Set1: Obj_Ring; Set2: not present","Set 1-only slot beyond SK Set 2 table; no per-entry change in pilot patch","Pointer table entry in SK Set file(s); table selection code at sonic3k.asm loc_1B6A8 chooses Sprite_Listing3 or Sprite_ListingK by Current_zone; includes at sonic3k.asm Sprite_Listing3/Sprite_ListingK","Set 1 not explicitly named in OpenGGF registry switch","High for pointer target and table-selection annotation; no behavior claim","Set 1-only slot beyond SK Set 2 table; no per-entry change in pilot patch"
"$F9","Obj_Ring","","Set1: Obj_Ring; Set2: not present","Set 1-only slot beyond SK Set 2 table; no per-entry change in pilot patch","Pointer table entry in SK Set file(s); table selection code at sonic3k.asm loc_1B6A8 chooses Sprite_Listing3 or Sprite_ListingK by Current_zone; includes at sonic3k.asm Sprite_Listing3/Sprite_ListingK","Set 1 not explicitly named in OpenGGF registry switch","High for pointer target and table-selection annotation; no behavior claim","Set 1-only slot beyond SK Set 2 table; no per-entry change in pilot patch"
"$FA","Obj_Ring","","Set1: Obj_Ring; Set2: not present","Set 1-only slot beyond SK Set 2 table; no per-entry change in pilot patch","Pointer table entry in SK Set file(s); table selection code at sonic3k.asm loc_1B6A8 chooses Sprite_Listing3 or Sprite_ListingK by Current_zone; includes at sonic3k.asm Sprite_Listing3/Sprite_ListingK","Set 1 not explicitly named in OpenGGF registry switch","High for pointer target and table-selection annotation; no behavior claim","Set 1-only slot beyond SK Set 2 table; no per-entry change in pilot patch"
"$FB","Obj_Ring","","Set1: Obj_Ring; Set2: not present","Set 1-only slot beyond SK Set 2 table; no per-entry change in pilot patch","Pointer table entry in SK Set file(s); table selection code at sonic3k.asm loc_1B6A8 chooses Sprite_Listing3 or Sprite_ListingK by Current_zone; includes at sonic3k.asm Sprite_Listing3/Sprite_ListingK","Set 1 not explicitly named in OpenGGF registry switch","High for pointer target and table-selection annotation; no behavior claim","Set 1-only slot beyond SK Set 2 table; no per-entry change in pilot patch"
"$FC","Obj_Ring","","Set1: Obj_Ring; Set2: not present","Set 1-only slot beyond SK Set 2 table; no per-entry change in pilot patch","Pointer table entry in SK Set file(s); table selection code at sonic3k.asm loc_1B6A8 chooses Sprite_Listing3 or Sprite_ListingK by Current_zone; includes at sonic3k.asm Sprite_Listing3/Sprite_ListingK","Set 1 not explicitly named in OpenGGF registry switch","High for pointer target and table-selection annotation; no behavior claim","Set 1-only slot beyond SK Set 2 table; no per-entry change in pilot patch"
"$FD","Obj_Ring","","Set1: Obj_Ring; Set2: not present","Set 1-only slot beyond SK Set 2 table; no per-entry change in pilot patch","Pointer table entry in SK Set file(s); table selection code at sonic3k.asm loc_1B6A8 chooses Sprite_Listing3 or Sprite_ListingK by Current_zone; includes at sonic3k.asm Sprite_Listing3/Sprite_ListingK","Set 1 not explicitly named in OpenGGF registry switch","High for pointer target and table-selection annotation; no behavior claim","Set 1-only slot beyond SK Set 2 table; no per-entry change in pilot patch"
"$FE","Obj_Ring","","Set1: Obj_Ring; Set2: not present","Set 1-only slot beyond SK Set 2 table; no per-entry change in pilot patch","Pointer table entry in SK Set file(s); table selection code at sonic3k.asm loc_1B6A8 chooses Sprite_Listing3 or Sprite_ListingK by Current_zone; includes at sonic3k.asm Sprite_Listing3/Sprite_ListingK","Set 1 not explicitly named in OpenGGF registry switch","High for pointer target and table-selection annotation; no behavior claim","Set 1-only slot beyond SK Set 2 table; no per-entry change in pilot patch"
"$FF","Obj_FBZMagneticPendulum","","Set1: Obj_FBZMagneticPendulum; Set2: not present","Set 1-only slot beyond SK Set 2 table; no per-entry change in pilot patch","Pointer table entry in SK Set file(s); table selection code at sonic3k.asm loc_1B6A8 chooses Sprite_Listing3 or Sprite_ListingK by Current_zone; includes at sonic3k.asm Sprite_Listing3/Sprite_ListingK","Set 1 OpenGGF primary name FBZMagneticPendulum","High for pointer target and table-selection annotation; no behavior claim","Set 1-only slot beyond SK Set 2 table; no per-entry change in pilot patch"
